{
  "type": "FeatureCollection",
  "features": [
    {
      "type": "Feature",
      "properties": {
        "Owner": "Ken Anthony",
        "Property": "Axis, AL - 12650 Highway 43 North - Listing 26",
        "Deal: Deal Name": "Axis, AL - 12650 Highway 43 North - Listing 26",
        "Deal: Record Type": "Sale",
        "Asking Price": "",
        "Lease Rate": "",
        "Listing Effective Date": "6/23/2026",
        "Listing Expiration Date": "6/22/2027",
        "Square Footage": "200000",
        "Acreage": "500",
        "Lease Square Footage": "",
        "broker_name": "Ken Anthony",
        "broker_email": "kanthony@binswanger.com",
        "address": "12650 Highway 43 North, Axis, AL",
        "city_state": "Axis, AL",
        "street_address": "12650 Highway 43 North",
        "deal_name": "Axis, AL - 12650 Highway 43 North - Listing 26",
        "record_type": "Sale",
        "asking_price": "",
        "lease_rate": "",
        "listing_effective_date": "6/23/2026",
        "listing_expiration_date": "6/22/2027",
        "square_footage": "200000",
        "acreage": "500",
        "lease_square_footage": ""
      },
      "geometry": {
        "type": "Point",
        "coordinates": [
          -88.018448,
          30.95171
        ]
      }
    },
    {
      "type": "Feature",
      "properties": {
        "Owner": "Tim Pennington",
        "Property": "Freeport, PA - 130 Club House Drive - Listing 26",
        "Deal: Deal Name": "Freeport, PA - 130 Club House Drive - Listing 26",
        "Deal: Record Type": "Sale",
        "Asking Price": "",
        "Lease Rate": "",
        "Listing Effective Date": "1/8/2026",
        "Listing Expiration Date": "1/7/2027",
        "Square Footage": "12740",
        "Acreage": "410",
        "Lease Square Footage": "",
        "broker_name": "Tim Pennington",
        "broker_email": "tpennington@binswanger.com",
        "address": "130 Club House Drive, Freeport, PA",
        "city_state": "Freeport, PA",
        "street_address": "130 Club House Drive",
        "deal_name": "Freeport, PA - 130 Club House Drive - Listing 26",
        "record_type": "Sale",
        "asking_price": "",
        "lease_rate": "",
        "listing_effective_date": "1/8/2026",
        "listing_expiration_date": "1/7/2027",
        "square_footage": "12740",
        "acreage": "410",
        "lease_square_footage": ""
      },
      "geometry": {
        "type": "Point",
        "coordinates": [
          -79.688217,
          40.660568
        ]
      }
    },
    {
      "type": "Feature",
      "properties": {
        "Owner": "Nick Biedron",
        "Property": "Waterford, NY - 260 Hudson River Road - Listing 26",
        "Deal: Deal Name": "Waterford, NY - 260 Hudson River Road - Listing 26",
        "Deal: Record Type": "Sale",
        "Asking Price": "",
        "Lease Rate": "",
        "Listing Effective Date": "3/2/2026",
        "Listing Expiration Date": "3/1/2027",
        "Square Footage": "527460",
        "Acreage": "173.09",
        "Lease Square Footage": "",
        "broker_name": "Nick Biedron",
        "broker_email": "nbiedron@binswanger.com",
        "address": "260 Hudson River Road, Waterford, NY",
        "city_state": "Waterford, NY",
        "street_address": "260 Hudson River Road",
        "deal_name": "Waterford, NY - 260 Hudson River Road - Listing 26",
        "record_type": "Sale",
        "asking_price": "",
        "lease_rate": "",
        "listing_effective_date": "3/2/2026",
        "listing_expiration_date": "3/1/2027",
        "square_footage": "527460",
        "acreage": "173.09",
        "lease_square_footage": ""
      },
      "geometry": {
        "type": "Point",
        "coordinates": [
          -73.667847,
          42.816942
        ]
      }
    },
    {
      "type": "Feature",
      "properties": {
        "Owner": "Tim Pennington",
        "Property": "Greencastle, PA - 12000 Molly Pitcher Highway - Listing 26",
        "Deal: Deal Name": "Greencastle, PA - 12000 Molly Pitcher Highway - Listing 26",
        "Deal: Record Type": "Sale",
        "Asking Price": "",
        "Lease Rate": "",
        "Listing Effective Date": "1/22/2026",
        "Listing Expiration Date": "10/21/2026",
        "Square Footage": "1033470",
        "Acreage": "134",
        "Lease Square Footage": "",
        "broker_name": "Tim Pennington",
        "broker_email": "tpennington@binswanger.com",
        "address": "12000 Molly Pitcher Highway, Greencastle, PA",
        "city_state": "Greencastle, PA",
        "street_address": "12000 Molly Pitcher Highway",
        "deal_name": "Greencastle, PA - 12000 Molly Pitcher Highway - Listing 26",
        "record_type": "Sale",
        "asking_price": "",
        "lease_rate": "",
        "listing_effective_date": "1/22/2026",
        "listing_expiration_date": "10/21/2026",
        "square_footage": "1033470",
        "acreage": "134",
        "lease_square_footage": ""
      },
      "geometry": {
        "type": "Point",
        "coordinates": [
          -77.731036,
          39.771606
        ]
      }
    },
    {
      "type": "Feature",
      "properties": {
        "Owner": "Michael Torsiello",
        "Property": "Theodore, AL - 7800 Dauphin Island Parkway South & 3050 Tipp Road - Listing 25",
        "Deal: Deal Name": "Theodore, AL - 7800 Dauphin Island Parkway South & 3050 Tipp Road - Listing 25",
        "Deal: Record Type": "Sale",
        "Asking Price": "",
        "Lease Rate": "",
        "Listing Effective Date": "5/22/2025",
        "Listing Expiration Date": "11/21/2026",
        "Square Footage": "",
        "Acreage": "119.98",
        "Lease Square Footage": "",
        "broker_name": "Michael Torsiello",
        "broker_email": "mtorsiello@binswanger.com",
        "address": "7800 Dauphin Island Parkway South & 3050 Tipp Road, Theodore, AL",
        "city_state": "Theodore, AL",
        "street_address": "7800 Dauphin Island Parkway South & 3050 Tipp Road",
        "deal_name": "Theodore, AL - 7800 Dauphin Island Parkway South & 3050 Tipp Road - Listing 25",
        "record_type": "Sale",
        "asking_price": "",
        "lease_rate": "",
        "listing_effective_date": "5/22/2025",
        "listing_expiration_date": "11/21/2026",
        "square_footage": "",
        "acreage": "119.98",
        "lease_square_footage": ""
      },
      "geometry": {
        "type": "Point",
        "coordinates": [
          -88.108587,
          30.528835
        ]
      }
    },
    {
      "type": "Feature",
      "properties": {
        "Owner": "Shaun Kirchin",
        "Property": "Laurens, SC - 101 Michelin Drive  - Listing  26",
        "Deal: Deal Name": "Laurens, SC - 101 Michelin Drive  - Listing  26",
        "Deal: Record Type": "Lease",
        "Asking Price": "",
        "Lease Rate": "",
        "Listing Effective Date": "7/1/2026",
        "Listing Expiration Date": "10/31/2026",
        "Square Footage": "1170972",
        "Acreage": "118",
        "Lease Square Footage": "",
        "broker_name": "Shaun Kirchin",
        "broker_email": "skirchin@binswanger.com",
        "address": "101 Michelin Drive, Laurens, SC",
        "city_state": "Laurens, SC",
        "street_address": "101 Michelin Drive",
        "deal_name": "Laurens, SC - 101 Michelin Drive  - Listing  26",
        "record_type": "Lease",
        "asking_price": "",
        "lease_rate": "",
        "listing_effective_date": "7/1/2026",
        "listing_expiration_date": "10/31/2026",
        "square_footage": "1170972",
        "acreage": "118",
        "lease_square_footage": ""
      },
      "geometry": {
        "type": "Point",
        "coordinates": [
          -82.010584,
          34.564376
        ]
      }
    },
    {
      "type": "Feature",
      "properties": {
        "Owner": "David Barber",
        "Property": "Newnan, GA - 95 Innovation Way - Listing 26",
        "Deal: Deal Name": "Newnan, GA - 95 Innovation Way - Listing 26",
        "Deal: Record Type": "Lease",
        "Asking Price": "",
        "Lease Rate": "",
        "Listing Effective Date": "9/11/2026",
        "Listing Expiration Date": "9/10/2027",
        "Square Footage": "484787",
        "Acreage": "101.74",
        "Lease Square Footage": "",
        "broker_name": "David Barber",
        "address": "95 Innovation Way, Newnan, GA",
        "city_state": "Newnan, GA",
        "street_address": "95 Innovation Way",
        "deal_name": "Newnan, GA - 95 Innovation Way - Listing 26",
        "record_type": "Lease",
        "asking_price": "",
        "lease_rate": "",
        "listing_effective_date": "9/11/2026",
        "listing_expiration_date": "9/10/2027",
        "square_footage": "484787",
        "acreage": "101.74",
        "lease_square_footage": ""
      },
      "geometry": {
        "type": "Point",
        "coordinates": [
          -84.754215,
          33.409992
        ]
      }
    },
    {
      "type": "Feature",
      "properties": {
        "Owner": "David Barber",
        "Property": "Thomson, GA - 1241 Harrison Road, SE - Listing 25",
        "Deal: Deal Name": "Thomson, GA - 1241 Harrison Road, SE - Listing 25",
        "Deal: Record Type": "Sale",
        "Asking Price": "3500000",
        "Lease Rate": "",
        "Listing Effective Date": "11/21/2025",
        "Listing Expiration Date": "11/20/2026",
        "Square Footage": "100600",
        "Acreage": "84.2",
        "Lease Square Footage": "",
        "broker_name": "David Barber",
        "broker_email": "DBarber@binswanger.com",
        "address": "1241 Harrison Road, SE, Thomson, GA",
        "city_state": "Thomson, GA",
        "street_address": "1241 Harrison Road, SE",
        "deal_name": "Thomson, GA - 1241 Harrison Road, SE - Listing 25",
        "record_type": "Sale",
        "asking_price": "3500000",
        "lease_rate": "",
        "listing_effective_date": "11/21/2025",
        "listing_expiration_date": "11/20/2026",
        "square_footage": "100600",
        "acreage": "84.2",
        "lease_square_footage": ""
      },
      "geometry": {
        "type": "Point",
        "coordinates": [
          -82.477783,
          33.464863
        ]
      }
    },
    {
      "type": "Feature",
      "properties": {
        "Owner": "Sean Stitz",
        "Property": "Ottsville, PA - 8717 Easton Road - Listing 26",
        "Deal: Deal Name": "Ottsville, PA - 8717 Easton Road - Listing 26",
        "Deal: Record Type": "Sale",
        "Asking Price": "",
        "Lease Rate": "",
        "Listing Effective Date": "8/13/2026",
        "Listing Expiration Date": "8/12/2027",
        "Square Footage": "",
        "Acreage": "73.64",
        "Lease Square Footage": "",
        "broker_name": "Sean Stitz",
        "broker_email": "sstitz@binswanger.com",
        "address": "8717 Easton Road, Ottsville, PA",
        "city_state": "Ottsville, PA",
        "street_address": "8717 Easton Road",
        "deal_name": "Ottsville, PA - 8717 Easton Road - Listing 26",
        "record_type": "Sale",
        "asking_price": "",
        "lease_rate": "",
        "listing_effective_date": "8/13/2026",
        "listing_expiration_date": "8/12/2027",
        "square_footage": "",
        "acreage": "73.64",
        "lease_square_footage": ""
      },
      "geometry": {
        "type": "Point",
        "coordinates": [
          -75.16554,
          40.51126
        ]
      }
    },
    {
      "type": "Feature",
      "properties": {
        "Owner": "Holmes Davis",
        "Property": "Sherman, TX - 1400 West FM 1417 - Listing 25",
        "Deal: Deal Name": "Sherman, TX - 1400 West FM 1417 - Listing 25",
        "Deal: Record Type": "Sale",
        "Asking Price": "37500000",
        "Lease Rate": "",
        "Listing Effective Date": "10/13/2025",
        "Listing Expiration Date": "4/12/2027",
        "Square Footage": "515654",
        "Acreage": "70",
        "Lease Square Footage": "",
        "broker_name": "Holmes Davis",
        "broker_email": "hdavis@binswanger.com",
        "address": "1400 West FM 1417, Sherman, TX",
        "city_state": "Sherman, TX",
        "street_address": "1400 West FM 1417",
        "deal_name": "Sherman, TX - 1400 West FM 1417 - Listing 25",
        "record_type": "Sale",
        "asking_price": "37500000",
        "lease_rate": "",
        "listing_effective_date": "10/13/2025",
        "listing_expiration_date": "4/12/2027",
        "square_footage": "515654",
        "acreage": "70",
        "lease_square_footage": ""
      },
      "geometry": {
        "type": "Point",
        "coordinates": [
          -96.623198,
          33.588084
        ]
      }
    },
    {
      "type": "Feature",
      "properties": {
        "Owner": "David Barber",
        "Property": "Leesburg, AL - 400 Industrial Blvd - Listing 23",
        "Deal: Deal Name": "Leesburg, AL - 400 Industrial Blvd - Listing 23",
        "Deal: Record Type": "Sale",
        "Asking Price": "18300000",
        "Lease Rate": "",
        "Listing Effective Date": "9/11/2023",
        "Listing Expiration Date": "12/31/2026",
        "Square Footage": "474642",
        "Acreage": "69.849999999999994",
        "Lease Square Footage": "",
        "broker_name": "David Barber",
        "broker_email": "DBarber@binswanger.com",
        "address": "400 Industrial Blvd, Leesburg, AL",
        "city_state": "Leesburg, AL",
        "street_address": "400 Industrial Blvd",
        "deal_name": "Leesburg, AL - 400 Industrial Blvd - Listing 23",
        "record_type": "Sale",
        "asking_price": "18300000",
        "lease_rate": "",
        "listing_effective_date": "9/11/2023",
        "listing_expiration_date": "12/31/2026",
        "square_footage": "474642",
        "acreage": "69.849999999999994",
        "lease_square_footage": ""
      },
      "geometry": {
        "type": "Point",
        "coordinates": [
          -85.76344,
          34.184368
        ]
      }
    },
    {
      "type": "Feature",
      "properties": {
        "Owner": "Shaun Kirchin",
        "Property": "Manning, SC - 1000 Bicycle Way - Listing 26",
        "Deal: Deal Name": "Manning, SC - 1000 Bicycle Way - Listing 26",
        "Deal: Record Type": "Sale",
        "Asking Price": "8000000",
        "Lease Rate": "",
        "Listing Effective Date": "8/1/2026",
        "Listing Expiration Date": "7/31/2027",
        "Square Footage": "190500",
        "Acreage": "52.6",
        "Lease Square Footage": "",
        "broker_name": "Shaun Kirchin",
        "broker_email": "skirchin@binswanger.com",
        "address": "1000 Bicycle Way, Manning, SC",
        "city_state": "Manning, SC",
        "street_address": "1000 Bicycle Way",
        "deal_name": "Manning, SC - 1000 Bicycle Way - Listing 26",
        "record_type": "Sale",
        "asking_price": "8000000",
        "lease_rate": "",
        "listing_effective_date": "8/1/2026",
        "listing_expiration_date": "7/31/2027",
        "square_footage": "190500",
        "acreage": "52.6",
        "lease_square_footage": ""
      },
      "geometry": {
        "type": "Point",
        "coordinates": [
          -80.177384,
          33.685991
        ]
      }
    },
    {
      "type": "Feature",
      "properties": {
        "Owner": "Holmes Davis",
        "Property": "Little Rock, AR - 8200 Frazier Pike - Listing 25",
        "Deal: Deal Name": "Little Rock, AR - 8200 Frazier Pike - Listing 25",
        "Deal: Record Type": "Sale",
        "Asking Price": "32000000",
        "Lease Rate": "",
        "Listing Effective Date": "10/14/2025",
        "Listing Expiration Date": "10/13/2026",
        "Square Footage": "470000",
        "Acreage": "44.37",
        "Lease Square Footage": "",
        "broker_name": "Holmes Davis",
        "broker_email": "hdavis@binswanger.com",
        "address": "8200 Frazier Pike, Little Rock, AR",
        "city_state": "Little Rock, AR",
        "street_address": "8200 Frazier Pike",
        "deal_name": "Little Rock, AR - 8200 Frazier Pike - Listing 25",
        "record_type": "Sale",
        "asking_price": "32000000",
        "lease_rate": "",
        "listing_effective_date": "10/14/2025",
        "listing_expiration_date": "10/13/2026",
        "square_footage": "470000",
        "acreage": "44.37",
        "lease_square_footage": ""
      },
      "geometry": {
        "type": "Point",
        "coordinates": [
          -92.183197,
          34.705268
        ]
      }
    },
    {
      "type": "Feature",
      "properties": {
        "Owner": "Holmes Davis",
        "Property": "Osceola, AR - 2221 East State Highway 198 - Listing 25",
        "Deal: Deal Name": "Osceola, AR - 2221 East State Highway 198 - Listing 25",
        "Deal: Record Type": "Sale",
        "Asking Price": "5900000",
        "Lease Rate": "",
        "Listing Effective Date": "9/10/2025",
        "Listing Expiration Date": "9/9/2027",
        "Square Footage": "225000",
        "Acreage": "40",
        "Lease Square Footage": "",
        "broker_name": "Holmes Davis",
        "broker_email": "hdavis@binswanger.com",
        "address": "2221 East State Highway 198, Osceola, AR",
        "city_state": "Osceola, AR",
        "street_address": "2221 East State Highway 198",
        "deal_name": "Osceola, AR - 2221 East State Highway 198 - Listing 25",
        "record_type": "Sale",
        "asking_price": "5900000",
        "lease_rate": "",
        "listing_effective_date": "9/10/2025",
        "listing_expiration_date": "9/9/2027",
        "square_footage": "225000",
        "acreage": "40",
        "lease_square_footage": ""
      },
      "geometry": {
        "type": "Point",
        "coordinates": [
          -89.939546,
          35.65226
        ]
      }
    },
    {
      "type": "Feature",
      "properties": {
        "Owner": "Carson Erard",
        "Property": "Hutchinson, KS - 3401 East 4th Avenue - Listing 25",
        "Deal: Deal Name": "Hutchinson, KS - 3401 East 4th Avenue - Listing 25",
        "Deal: Record Type": "Sale",
        "Asking Price": "5000000",
        "Lease Rate": "",
        "Listing Effective Date": "10/28/2025",
        "Listing Expiration Date": "10/27/2026",
        "Square Footage": "338931",
        "Acreage": "37.9",
        "Lease Square Footage": "",
        "broker_name": "Carson Erard",
        "broker_email": "cerard@binswanger.com",
        "address": "3401 East 4th Avenue, Hutchinson, KS",
        "city_state": "Hutchinson, KS",
        "street_address": "3401 East 4th Avenue",
        "deal_name": "Hutchinson, KS - 3401 East 4th Avenue - Listing 25",
        "record_type": "Sale",
        "asking_price": "5000000",
        "lease_rate": "",
        "listing_effective_date": "10/28/2025",
        "listing_expiration_date": "10/27/2026",
        "square_footage": "338931",
        "acreage": "37.9",
        "lease_square_footage": ""
      },
      "geometry": {
        "type": "Point",
        "coordinates": [
          -97.87031,
          38.054249
        ]
      }
    },
    {
      "type": "Feature",
      "properties": {
        "Owner": "Holmes Davis",
        "Property": "Little Rock, AR - 7103 Zeuber Road - Listing 25",
        "Deal: Deal Name": "Little Rock, AR - 7103 Zeuber Road - Listing 25",
        "Deal: Record Type": "Sale",
        "Asking Price": "45500000",
        "Lease Rate": "",
        "Listing Effective Date": "1/24/2025",
        "Listing Expiration Date": "6/23/2026",
        "Square Footage": "537845",
        "Acreage": "35.69",
        "Lease Square Footage": "",
        "broker_name": "Holmes Davis",
        "broker_email": "hdavis@binswanger.com",
        "address": "7103 Zeuber Road, Little Rock, AR",
        "city_state": "Little Rock, AR",
        "street_address": "7103 Zeuber Road",
        "deal_name": "Little Rock, AR - 7103 Zeuber Road - Listing 25",
        "record_type": "Sale",
        "asking_price": "45500000",
        "lease_rate": "",
        "listing_effective_date": "1/24/2025",
        "listing_expiration_date": "6/23/2026",
        "square_footage": "537845",
        "acreage": "35.69",
        "lease_square_footage": ""
      },
      "geometry": {
        "type": "Point",
        "coordinates": [
          -92.200425,
          34.696795
        ]
      }
    },
    {
      "type": "Feature",
      "properties": {
        "Owner": "Zach Binswanger",
        "Property": "Manitowoc, WI - Parcel 836-204-040 - Listing 25",
        "Deal: Deal Name": "Manitowoc, WI - Parcel 836-204-040 - Listing 25",
        "Deal: Record Type": "Sale",
        "Asking Price": "",
        "Lease Rate": "",
        "Listing Effective Date": "11/21/2025",
        "Listing Expiration Date": "11/20/2026",
        "Square Footage": "",
        "Acreage": "33.340000000000003",
        "Lease Square Footage": "",
        "broker_name": "Zach Binswanger",
        "broker_email": "zbinswanger@binswanger.com",
        "address": "Parcel 836-204-040, Manitowoc, WI",
        "city_state": "Manitowoc, WI",
        "street_address": "Parcel 836-204-040",
        "deal_name": "Manitowoc, WI - Parcel 836-204-040 - Listing 25",
        "record_type": "Sale",
        "asking_price": "",
        "lease_rate": "",
        "listing_effective_date": "11/21/2025",
        "listing_expiration_date": "11/20/2026",
        "square_footage": "",
        "acreage": "33.340000000000003",
        "lease_square_footage": ""
      },
      "geometry": {
        "type": "Point",
        "coordinates": [
          -87.65776,
          44.091223
        ]
      }
    },
    {
      "type": "Feature",
      "properties": {
        "Owner": "Nicholas Giganti",
        "Property": "Wilmington, DE - 900 Greenbank Road - Listing 26",
        "Deal: Deal Name": "Wilmington, DE - 900 Greenbank Road - Listing 26",
        "Deal: Record Type": "Sale",
        "Asking Price": "4500000",
        "Lease Rate": "",
        "Listing Effective Date": "5/1/2026",
        "Listing Expiration Date": "4/30/2027",
        "Square Footage": "",
        "Acreage": "32.409999999999997",
        "Lease Square Footage": "",
        "broker_name": "Nicholas Giganti",
        "broker_email": "ngiganti@binswanger.com",
        "address": "900 Greenbank Road, Wilmington, DE",
        "city_state": "Wilmington, DE",
        "street_address": "900 Greenbank Road",
        "deal_name": "Wilmington, DE - 900 Greenbank Road - Listing 26",
        "record_type": "Sale",
        "asking_price": "4500000",
        "lease_rate": "",
        "listing_effective_date": "5/1/2026",
        "listing_expiration_date": "4/30/2027",
        "square_footage": "",
        "acreage": "32.409999999999997",
        "lease_square_footage": ""
      },
      "geometry": {
        "type": "Point",
        "coordinates": [
          -75.635863,
          39.731876
        ]
      }
    },
    {
      "type": "Feature",
      "properties": {
        "Owner": "Michael Torsiello",
        "Property": "Tioga, PA - 18385 PA 287 - Listing 25",
        "Deal: Deal Name": "Tioga, PA - 18385 PA 287 - Listing 25",
        "Deal: Record Type": "Sale",
        "Asking Price": "",
        "Lease Rate": "",
        "Listing Effective Date": "10/14/2025",
        "Listing Expiration Date": "10/13/2026",
        "Square Footage": "80304",
        "Acreage": "31.95",
        "Lease Square Footage": "",
        "broker_name": "Michael Torsiello",
        "broker_email": "mtorsiello@binswanger.com",
        "address": "18385 PA 287, Tioga, PA",
        "city_state": "Tioga, PA",
        "street_address": "18385 PA 287",
        "deal_name": "Tioga, PA - 18385 PA 287 - Listing 25",
        "record_type": "Sale",
        "asking_price": "",
        "lease_rate": "",
        "listing_effective_date": "10/14/2025",
        "listing_expiration_date": "10/13/2026",
        "square_footage": "80304",
        "acreage": "31.95",
        "lease_square_footage": ""
      },
      "geometry": {
        "type": "Point",
        "coordinates": [
          -77.10472,
          41.94762
        ]
      }
    },
    {
      "type": "Feature",
      "properties": {
        "Owner": "Tim Pennington",
        "Property": "Waterford, NY - 1 O'Connor Drive - Listing 26",
        "Deal: Deal Name": "Waterford, NY - 1 O'Connor Drive - Listing 26",
        "Deal: Record Type": "Sale",
        "Asking Price": "",
        "Lease Rate": "",
        "Listing Effective Date": "2/26/2026",
        "Listing Expiration Date": "2/25/2027",
        "Square Footage": "326000",
        "Acreage": "30.82",
        "Lease Square Footage": "",
        "broker_name": "Tim Pennington",
        "broker_email": "tpennington@binswanger.com",
        "address": "1 O'Connor Drive, Waterford, NY",
        "city_state": "Waterford, NY",
        "street_address": "1 O'Connor Drive",
        "deal_name": "Waterford, NY - 1 O'Connor Drive - Listing 26",
        "record_type": "Sale",
        "asking_price": "",
        "lease_rate": "",
        "listing_effective_date": "2/26/2026",
        "listing_expiration_date": "2/25/2027",
        "square_footage": "326000",
        "acreage": "30.82",
        "lease_square_footage": ""
      },
      "geometry": {
        "type": "Point",
        "coordinates": [
          -73.691186,
          42.786739
        ]
      }
    },
    {
      "type": "Feature",
      "properties": {
        "Owner": "Holmes Davis",
        "Property": "Maumelle, AR - 400 Murphy Drive - Listing 25",
        "Deal: Deal Name": "Maumelle, AR - 400 Murphy Drive - Listing 25",
        "Deal: Record Type": "Sale",
        "Asking Price": "50000000",
        "Lease Rate": "",
        "Listing Effective Date": "3/28/2025",
        "Listing Expiration Date": "3/27/2027",
        "Square Footage": "599465",
        "Acreage": "27.97",
        "Lease Square Footage": "",
        "broker_name": "Holmes Davis",
        "broker_email": "hdavis@binswanger.com",
        "address": "400 Murphy Drive, Maumelle, AR",
        "city_state": "Maumelle, AR",
        "street_address": "400 Murphy Drive",
        "deal_name": "Maumelle, AR - 400 Murphy Drive - Listing 25",
        "record_type": "Sale",
        "asking_price": "50000000",
        "lease_rate": "",
        "listing_effective_date": "3/28/2025",
        "listing_expiration_date": "3/27/2027",
        "square_footage": "599465",
        "acreage": "27.97",
        "lease_square_footage": ""
      },
      "geometry": {
        "type": "Point",
        "coordinates": [
          -92.394058,
          34.8623
        ]
      }
    },
    {
      "type": "Feature",
      "properties": {
        "Owner": "Matt Corrigan",
        "Property": "Chalfont/New Britain Twp, PA - 4355 County Line Road - Listing 26",
        "Deal: Deal Name": "Chalfont/New Britain Twp, PA - 4355 County Line Road - Listing 26",
        "Deal: Record Type": "Lease",
        "Asking Price": "",
        "Lease Rate": "",
        "Listing Effective Date": "5/7/2026",
        "Listing Expiration Date": "5/6/2027",
        "Square Footage": "26615",
        "Acreage": "26.7",
        "Lease Square Footage": "",
        "broker_name": "Matt Corrigan",
        "broker_email": "MCorrigan@binswanger.com",
        "address": "4355 County Line Road, Chalfont/New Britain Twp, PA",
        "city_state": "Chalfont/New Britain Twp, PA",
        "street_address": "4355 County Line Road",
        "deal_name": "Chalfont/New Britain Twp, PA - 4355 County Line Road - Listing 26",
        "record_type": "Lease",
        "asking_price": "",
        "lease_rate": "",
        "listing_effective_date": "5/7/2026",
        "listing_expiration_date": "5/6/2027",
        "square_footage": "26615",
        "acreage": "26.7",
        "lease_square_footage": ""
      },
      "geometry": {
        "type": "Point",
        "coordinates": [
          -75.235475,
          40.272235
        ]
      }
    },
    {
      "type": "Feature",
      "properties": {
        "Owner": "Tim Pennington",
        "Property": "Buffalo, NY - 231 Ship Canal Parkway - Listing 25",
        "Deal: Deal Name": "Buffalo, NY - 231 Ship Canal Parkway - Listing 25",
        "Deal: Record Type": "Lease",
        "Asking Price": "",
        "Lease Rate": "3.85",
        "Listing Effective Date": "8/28/2025",
        "Listing Expiration Date": "5/27/2027",
        "Square Footage": "276500",
        "Acreage": "25.08",
        "Lease Square Footage": "",
        "broker_name": "Tim Pennington",
        "broker_email": "tpennington@binswanger.com",
        "address": "231 Ship Canal Parkway, Buffalo, NY",
        "city_state": "Buffalo, NY",
        "street_address": "231 Ship Canal Parkway",
        "deal_name": "Buffalo, NY - 231 Ship Canal Parkway - Listing 25",
        "record_type": "Lease",
        "asking_price": "",
        "lease_rate": "3.85",
        "listing_effective_date": "8/28/2025",
        "listing_expiration_date": "5/27/2027",
        "square_footage": "276500",
        "acreage": "25.08",
        "lease_square_footage": ""
      },
      "geometry": {
        "type": "Point",
        "coordinates": [
          -78.842545,
          42.834508
        ]
      }
    },
    {
      "type": "Feature",
      "properties": {
        "Owner": "Shaun Kirchin",
        "Property": "Union, SC - 260 Midway Drive - Listing 25",
        "Deal: Deal Name": "Union, SC - 260 Midway Drive - Listing 25",
        "Deal: Record Type": "Sale",
        "Asking Price": "",
        "Lease Rate": "",
        "Listing Effective Date": "12/11/2025",
        "Listing Expiration Date": "12/10/2026",
        "Square Footage": "135939",
        "Acreage": "24.93",
        "Lease Square Footage": "",
        "broker_name": "Shaun Kirchin",
        "broker_email": "skirchin@binswanger.com",
        "address": "260 Midway Drive, Union, SC",
        "city_state": "Union, SC",
        "street_address": "260 Midway Drive",
        "deal_name": "Union, SC - 260 Midway Drive - Listing 25",
        "record_type": "Sale",
        "asking_price": "",
        "lease_rate": "",
        "listing_effective_date": "12/11/2025",
        "listing_expiration_date": "12/10/2026",
        "square_footage": "135939",
        "acreage": "24.93",
        "lease_square_footage": ""
      },
      "geometry": {
        "type": "Point",
        "coordinates": [
          -81.66275,
          34.7096
        ]
      }
    },
    {
      "type": "Feature",
      "properties": {
        "Owner": "Tim Pennington",
        "Property": "Hamburg, PA - 100 Industrial Drive - Listing 25",
        "Deal: Deal Name": "Hamburg, PA - 100 Industrial Drive - Listing 25",
        "Deal: Record Type": "Sale",
        "Asking Price": "",
        "Lease Rate": "",
        "Listing Effective Date": "7/16/2025",
        "Listing Expiration Date": "7/15/2026",
        "Square Footage": "252448",
        "Acreage": "24.3",
        "Lease Square Footage": "",
        "broker_name": "Tim Pennington",
        "broker_email": "tpennington@binswanger.com",
        "address": "100 Industrial Drive, Hamburg, PA",
        "city_state": "Hamburg, PA",
        "street_address": "100 Industrial Drive",
        "deal_name": "Hamburg, PA - 100 Industrial Drive - Listing 25",
        "record_type": "Sale",
        "asking_price": "",
        "lease_rate": "",
        "listing_effective_date": "7/16/2025",
        "listing_expiration_date": "7/15/2026",
        "square_footage": "252448",
        "acreage": "24.3",
        "lease_square_footage": ""
      },
      "geometry": {
        "type": "Point",
        "coordinates": [
          -76.005188,
          40.565389
        ]
      }
    },
    {
      "type": "Feature",
      "properties": {
        "Owner": "Jim Medbery",
        "Property": "McDonough, GA - 55 Liberty Industrial Parkway - Listing 26",
        "Deal: Deal Name": "McDonough, GA - 55 Liberty Industrial Parkway - Listing 26",
        "Deal: Record Type": "Sale",
        "Asking Price": "",
        "Lease Rate": "",
        "Listing Effective Date": "1/1/2026",
        "Listing Expiration Date": "12/31/2026",
        "Square Footage": "369270",
        "Acreage": "23.57",
        "Lease Square Footage": "",
        "broker_name": "Jim Medbery",
        "broker_email": "jmedbery@binswanger.com",
        "address": "55 Liberty Industrial Parkway, McDonough, GA",
        "city_state": "McDonough, GA",
        "street_address": "55 Liberty Industrial Parkway",
        "deal_name": "McDonough, GA - 55 Liberty Industrial Parkway - Listing 26",
        "record_type": "Sale",
        "asking_price": "",
        "lease_rate": "",
        "listing_effective_date": "1/1/2026",
        "listing_expiration_date": "12/31/2026",
        "square_footage": "369270",
        "acreage": "23.57",
        "lease_square_footage": ""
      },
      "geometry": {
        "type": "Point",
        "coordinates": [
          -84.16236,
          33.408961
        ]
      }
    },
    {
      "type": "Feature",
      "properties": {
        "Owner": "Chris Pennington",
        "Property": "Milan, MO - 832 East 3rd Street & 420 South Pearl - Listing 25",
        "Deal: Deal Name": "Milan, MO - 832 East 3rd Street & 420 South Pearl - Listing 25",
        "Deal: Record Type": "Sale",
        "Asking Price": "4000000",
        "Lease Rate": "",
        "Listing Effective Date": "12/16/2025",
        "Listing Expiration Date": "12/15/2026",
        "Square Footage": "130000",
        "Acreage": "21",
        "Lease Square Footage": "",
        "broker_name": "Chris Pennington",
        "broker_email": "Cpennington@binswanger.com",
        "address": "832 East 3rd Street & 420 South Pearl, Milan, MO",
        "city_state": "Milan, MO",
        "street_address": "832 East 3rd Street & 420 South Pearl",
        "deal_name": "Milan, MO - 832 East 3rd Street & 420 South Pearl - Listing 25",
        "record_type": "Sale",
        "asking_price": "4000000",
        "lease_rate": "",
        "listing_effective_date": "12/16/2025",
        "listing_expiration_date": "12/15/2026",
        "square_footage": "130000",
        "acreage": "21",
        "lease_square_footage": ""
      },
      "geometry": {
        "type": "Point",
        "coordinates": [
          -93.116752,
          40.20198
        ]
      }
    },
    {
      "type": "Feature",
      "properties": {
        "Owner": "Nick Biedron",
        "Property": "Singapore - 10 Tuas Bay Lane - Listing 26",
        "Deal: Deal Name": "Singapore - 10 Tuas Bay Lane - Listing 26",
        "Deal: Record Type": "Sale",
        "Asking Price": "",
        "Lease Rate": "",
        "Listing Effective Date": "3/31/2026",
        "Listing Expiration Date": "3/30/2027",
        "Square Footage": "120553",
        "Acreage": "19.77",
        "Lease Square Footage": "",
        "broker_name": "Nick Biedron",
        "broker_email": "nbiedron@binswanger.com",
        "address": "10 Tuas Bay Lane, Singapore",
        "city_state": "Singapore",
        "street_address": "10 Tuas Bay Lane",
        "deal_name": "Singapore - 10 Tuas Bay Lane - Listing 26",
        "record_type": "Sale",
        "asking_price": "",
        "lease_rate": "",
        "listing_effective_date": "3/31/2026",
        "listing_expiration_date": "3/30/2027",
        "square_footage": "120553",
        "acreage": "19.77",
        "lease_square_footage": ""
      },
      "geometry": {
        "type": "Point",
        "coordinates": [
          103.63607,
          1.295863
        ]
      }
    },
    {
      "type": "Feature",
      "properties": {
        "Owner": "Chris Pennington",
        "Property": "Philadelphia, PA - 4101 N Delaware Avenue - Listing 26",
        "Deal: Deal Name": "Philadelphia, PA - 4101 N Delaware Avenue - Listing 26",
        "Deal: Record Type": "Sale",
        "Asking Price": "",
        "Lease Rate": "",
        "Listing Effective Date": "2/4/2026",
        "Listing Expiration Date": "8/3/2026",
        "Square Footage": "271600",
        "Acreage": "19.27",
        "Lease Square Footage": "",
        "broker_name": "Chris Pennington",
        "broker_email": "Cpennington@binswanger.com",
        "address": "4101 N Delaware Avenue, Philadelphia, PA",
        "city_state": "Philadelphia, PA",
        "street_address": "4101 N Delaware Avenue",
        "deal_name": "Philadelphia, PA - 4101 N Delaware Avenue - Listing 26",
        "record_type": "Sale",
        "asking_price": "",
        "lease_rate": "",
        "listing_effective_date": "2/4/2026",
        "listing_expiration_date": "8/3/2026",
        "square_footage": "271600",
        "acreage": "19.27",
        "lease_square_footage": ""
      },
      "geometry": {
        "type": "Point",
        "coordinates": [
          -75.07532,
          39.98435
        ]
      }
    },
    {
      "type": "Feature",
      "properties": {
        "Owner": "Doug Faris",
        "Property": "Conover, NC - 1405 Deborah Herman Road - Listing 25",
        "Deal: Deal Name": "Conover, NC - 1405 Deborah Herman Road - Listing 25",
        "Deal: Record Type": "Lease",
        "Asking Price": "",
        "Lease Rate": "",
        "Listing Effective Date": "10/24/2025",
        "Listing Expiration Date": "7/23/2026",
        "Square Footage": "120000",
        "Acreage": "18.68",
        "Lease Square Footage": "",
        "broker_name": "Doug Faris",
        "broker_email": "DFaris@binswanger.com",
        "address": "1405 Deborah Herman Road, Conover, NC",
        "city_state": "Conover, NC",
        "street_address": "1405 Deborah Herman Road",
        "deal_name": "Conover, NC - 1405 Deborah Herman Road - Listing 25",
        "record_type": "Lease",
        "asking_price": "",
        "lease_rate": "",
        "listing_effective_date": "10/24/2025",
        "listing_expiration_date": "7/23/2026",
        "square_footage": "120000",
        "acreage": "18.68",
        "lease_square_footage": ""
      },
      "geometry": {
        "type": "Point",
        "coordinates": [
          -81.248863,
          35.714061
        ]
      }
    },
    {
      "type": "Feature",
      "properties": {
        "Owner": "Chris Pennington",
        "Property": "Philadelphia, PA - 2904, 2906 & 2906R S Christopher Columbus Blvd - Listing 26",
        "Deal: Deal Name": "Philadelphia, PA - 2904, 2906 & 2906R S Christopher Columbus Blvd - Listing 26",
        "Deal: Record Type": "Lease",
        "Asking Price": "",
        "Lease Rate": "",
        "Listing Effective Date": "5/15/2026",
        "Listing Expiration Date": "5/14/2027",
        "Square Footage": "47494",
        "Acreage": "18.37",
        "Lease Square Footage": "",
        "broker_name": "Chris Pennington",
        "broker_email": "Cpennington@binswanger.com",
        "address": "2904, 2906 & 2906R S Christopher Columbus Blvd, Philadelphia, PA",
        "city_state": "Philadelphia, PA",
        "street_address": "2904, 2906 & 2906R S Christopher Columbus Blvd",
        "deal_name": "Philadelphia, PA - 2904, 2906 & 2906R S Christopher Columbus Blvd - Listing 26",
        "record_type": "Lease",
        "asking_price": "",
        "lease_rate": "",
        "listing_effective_date": "5/15/2026",
        "listing_expiration_date": "5/14/2027",
        "square_footage": "47494",
        "acreage": "18.37",
        "lease_square_footage": ""
      },
      "geometry": {
        "type": "Point",
        "coordinates": [
          -75.139496,
          39.907097
        ]
      }
    },
    {
      "type": "Feature",
      "properties": {
        "Owner": "Tim Pennington",
        "Property": "Weisenberg, PA - 9775 Commerce Circle - Listing 25",
        "Deal: Deal Name": "Weisenberg, PA - 9775 Commerce Circle - Listing 25",
        "Deal: Record Type": "Lease",
        "Asking Price": "",
        "Lease Rate": "",
        "Listing Effective Date": "7/14/2025",
        "Listing Expiration Date": "7/13/2026",
        "Square Footage": "226417",
        "Acreage": "17.28",
        "Lease Square Footage": "",
        "broker_name": "Tim Pennington",
        "broker_email": "tpennington@binswanger.com",
        "address": "9775 Commerce Circle, Weisenberg, PA",
        "city_state": "Weisenberg, PA",
        "street_address": "9775 Commerce Circle",
        "deal_name": "Weisenberg, PA - 9775 Commerce Circle - Listing 25",
        "record_type": "Lease",
        "asking_price": "",
        "lease_rate": "",
        "listing_effective_date": "7/14/2025",
        "listing_expiration_date": "7/13/2026",
        "square_footage": "226417",
        "acreage": "17.28",
        "lease_square_footage": ""
      },
      "geometry": {
        "type": "Point",
        "coordinates": [
          -75.711128,
          40.581641
        ]
      }
    },
    {
      "type": "Feature",
      "properties": {
        "Owner": "Doug Kelly",
        "Property": "Fort Washington, PA - 7111 Valley Green Road - Listing 26",
        "Deal: Deal Name": "Fort Washington, PA - 7111 Valley Green Road - Listing 26",
        "Deal: Record Type": "Lease",
        "Asking Price": "",
        "Lease Rate": "",
        "Listing Effective Date": "5/4/2026",
        "Listing Expiration Date": "5/3/2027",
        "Square Footage": "72885",
        "Acreage": "16.79",
        "Lease Square Footage": "",
        "broker_name": "Doug Kelly",
        "broker_email": "dkelly@binswanger.com",
        "address": "7111 Valley Green Road, Fort Washington, PA",
        "city_state": "Fort Washington, PA",
        "street_address": "7111 Valley Green Road",
        "deal_name": "Fort Washington, PA - 7111 Valley Green Road - Listing 26",
        "record_type": "Lease",
        "asking_price": "",
        "lease_rate": "",
        "listing_effective_date": "5/4/2026",
        "listing_expiration_date": "5/3/2027",
        "square_footage": "72885",
        "acreage": "16.79",
        "lease_square_footage": ""
      },
      "geometry": {
        "type": "Point",
        "coordinates": [
          -75.20393,
          40.12228
        ]
      }
    },
    {
      "type": "Feature",
      "properties": {
        "Owner": "Chris Pennington",
        "Property": "Camden, NJ - 2851 Adams Avenue - Listing 26",
        "Deal: Deal Name": "Camden, NJ - 2851 Adams Avenue - Listing 26",
        "Deal: Record Type": "Sale",
        "Asking Price": "",
        "Lease Rate": "",
        "Listing Effective Date": "8/3/2026",
        "Listing Expiration Date": "2/2/2027",
        "Square Footage": "7000",
        "Acreage": "16.5",
        "Lease Square Footage": "",
        "broker_name": "Chris Pennington",
        "broker_email": "Cpennington@binswanger.com",
        "address": "2851 Adams Avenue, Camden, NJ",
        "city_state": "Camden, NJ",
        "street_address": "2851 Adams Avenue",
        "deal_name": "Camden, NJ - 2851 Adams Avenue - Listing 26",
        "record_type": "Sale",
        "asking_price": "",
        "lease_rate": "",
        "listing_effective_date": "8/3/2026",
        "listing_expiration_date": "2/2/2027",
        "square_footage": "7000",
        "acreage": "16.5",
        "lease_square_footage": ""
      },
      "geometry": {
        "type": "Point",
        "coordinates": [
          -75.095463,
          39.961904
        ]
      }
    },
    {
      "type": "Feature",
      "properties": {
        "Owner": "Doug Kelly",
        "Property": "Horsham, PA - 400 Horsham Road - Listing 26",
        "Deal: Deal Name": "Horsham, PA - 400 Horsham Road - Listing 26",
        "Deal: Record Type": "Sale",
        "Asking Price": "",
        "Lease Rate": "",
        "Listing Effective Date": "8/10/2026",
        "Listing Expiration Date": "2/9/2027",
        "Square Footage": "151500",
        "Acreage": "15",
        "Lease Square Footage": "",
        "broker_name": "Doug Kelly",
        "broker_email": "dkelly@binswanger.com",
        "address": "400 Horsham Road, Horsham, PA",
        "city_state": "Horsham, PA",
        "street_address": "400 Horsham Road",
        "deal_name": "Horsham, PA - 400 Horsham Road - Listing 26",
        "record_type": "Sale",
        "asking_price": "",
        "lease_rate": "",
        "listing_effective_date": "8/10/2026",
        "listing_expiration_date": "2/9/2027",
        "square_footage": "151500",
        "acreage": "15",
        "lease_square_footage": ""
      },
      "geometry": {
        "type": "Point",
        "coordinates": [
          -75.137226,
          40.184148
        ]
      }
    },
    {
      "type": "Feature",
      "properties": {
        "Owner": "John Ghiselli",
        "Property": "Huntsville, TX - 835 FM 2821 (Land) - Listing 25",
        "Deal: Deal Name": "Huntsville, TX - 835 FM 2821 (Land) - Listing 25",
        "Deal: Record Type": "Sale",
        "Asking Price": "",
        "Lease Rate": "",
        "Listing Effective Date": "11/18/2025",
        "Listing Expiration Date": "11/17/2026",
        "Square Footage": "",
        "Acreage": "14.93",
        "Lease Square Footage": "",
        "broker_name": "John Ghiselli",
        "broker_email": "jghiselli@binswanger.com",
        "address": "835 FM 2821 (Land), Huntsville, TX",
        "city_state": "Huntsville, TX",
        "street_address": "835 FM 2821 (Land)",
        "deal_name": "Huntsville, TX - 835 FM 2821 (Land) - Listing 25",
        "record_type": "Sale",
        "asking_price": "",
        "lease_rate": "",
        "listing_effective_date": "11/18/2025",
        "listing_expiration_date": "11/17/2026",
        "square_footage": "",
        "acreage": "14.93",
        "lease_square_footage": ""
      },
      "geometry": {
        "type": "Point",
        "coordinates": [
          -95.526371,
          30.741343
        ]
      }
    },
    {
      "type": "Feature",
      "properties": {
        "Owner": "Carson Erard",
        "Property": "Longmont, CO - 4120 Specialty Place - Listing 26",
        "Deal: Deal Name": "Longmont, CO - 4120 Specialty Place - Listing 26",
        "Deal: Record Type": "Sale",
        "Asking Price": "",
        "Lease Rate": "",
        "Listing Effective Date": "2/6/2026",
        "Listing Expiration Date": "2/5/2027",
        "Square Footage": "129304",
        "Acreage": "14.9",
        "Lease Square Footage": "",
        "broker_name": "Carson Erard",
        "broker_email": "cerard@binswanger.com",
        "address": "4120 Specialty Place, Longmont, CO",
        "city_state": "Longmont, CO",
        "street_address": "4120 Specialty Place",
        "deal_name": "Longmont, CO - 4120 Specialty Place - Listing 26",
        "record_type": "Sale",
        "asking_price": "",
        "lease_rate": "",
        "listing_effective_date": "2/6/2026",
        "listing_expiration_date": "2/5/2027",
        "square_footage": "129304",
        "acreage": "14.9",
        "lease_square_footage": ""
      },
      "geometry": {
        "type": "Point",
        "coordinates": [
          -104.977461,
          40.143294
        ]
      }
    },
    {
      "type": "Feature",
      "properties": {
        "Owner": "Brooke Oldt",
        "Property": "Ashland, VA - Tax Parcel   7788-59-3427 14.66 acres -  Listing 26",
        "Deal: Deal Name": "Ashland, VA - Tax Parcel   7788-59-3427 14.66 acres -  Listing 26",
        "Deal: Record Type": "Sale",
        "Asking Price": "",
        "Lease Rate": "",
        "Listing Effective Date": "1/8/2026",
        "Listing Expiration Date": "1/7/2027",
        "Square Footage": "",
        "Acreage": "14.66",
        "Lease Square Footage": "",
        "broker_name": "Brooke Oldt",
        "broker_email": "boldt@binswanger.com",
        "address": "Tax Parcel   7788-59-3427 14.66 acres, Ashland, VA",
        "city_state": "Ashland, VA",
        "street_address": "Tax Parcel   7788-59-3427 14.66 acres",
        "deal_name": "Ashland, VA - Tax Parcel   7788-59-3427 14.66 acres -  Listing 26",
        "record_type": "Sale",
        "asking_price": "",
        "lease_rate": "",
        "listing_effective_date": "1/8/2026",
        "listing_expiration_date": "1/7/2027",
        "square_footage": "",
        "acreage": "14.66",
        "lease_square_footage": ""
      },
      "geometry": {
        "type": "Point",
        "coordinates": [
          -77.481403,
          37.75886
        ]
      }
    },
    {
      "type": "Feature",
      "properties": {
        "Owner": "Nick Biedron",
        "Property": "Waterford, NY - 7 Schoolhouse Lane - Listing 25",
        "Deal: Deal Name": "Waterford, NY - 7 Schoolhouse Lane - Listing 25",
        "Deal: Record Type": "Sale",
        "Asking Price": "",
        "Lease Rate": "",
        "Listing Effective Date": "7/31/2025",
        "Listing Expiration Date": "7/30/2027",
        "Square Footage": "54399",
        "Acreage": "14.58",
        "Lease Square Footage": "",
        "broker_name": "Nick Biedron",
        "broker_email": "nbiedron@binswanger.com",
        "address": "7 Schoolhouse Lane, Waterford, NY",
        "city_state": "Waterford, NY",
        "street_address": "7 Schoolhouse Lane",
        "deal_name": "Waterford, NY - 7 Schoolhouse Lane - Listing 25",
        "record_type": "Sale",
        "asking_price": "",
        "lease_rate": "",
        "listing_effective_date": "7/31/2025",
        "listing_expiration_date": "7/30/2027",
        "square_footage": "54399",
        "acreage": "14.58",
        "lease_square_footage": ""
      },
      "geometry": {
        "type": "Point",
        "coordinates": [
          -73.673001,
          42.820772
        ]
      }
    },
    {
      "type": "Feature",
      "properties": {
        "Owner": "Matt Corrigan",
        "Property": "Chalfont, PA - 90 Hamilton Street - Listing 26",
        "Deal: Deal Name": "Chalfont, PA - 90 Hamilton Street - Listing 26",
        "Deal: Record Type": "Sale",
        "Asking Price": "14000000",
        "Lease Rate": "",
        "Listing Effective Date": "8/12/2026",
        "Listing Expiration Date": "2/11/2027",
        "Square Footage": "151220",
        "Acreage": "13.69",
        "Lease Square Footage": "",
        "broker_name": "Matt Corrigan",
        "broker_email": "MCorrigan@binswanger.com",
        "address": "90 Hamilton Street, Chalfont, PA",
        "city_state": "Chalfont, PA",
        "street_address": "90 Hamilton Street",
        "deal_name": "Chalfont, PA - 90 Hamilton Street - Listing 26",
        "record_type": "Sale",
        "asking_price": "14000000",
        "lease_rate": "",
        "listing_effective_date": "8/12/2026",
        "listing_expiration_date": "2/11/2027",
        "square_footage": "151220",
        "acreage": "13.69",
        "lease_square_footage": ""
      },
      "geometry": {
        "type": "Point",
        "coordinates": [
          -75.209427,
          40.29319
        ]
      }
    },
    {
      "type": "Feature",
      "properties": {
        "Owner": "Chris Pennington",
        "Property": "Bridgeville, DE - 7494 Federalsburg Road - Listing 25",
        "Deal: Deal Name": "Bridgeville, DE - 7494 Federalsburg Road - Listing 25",
        "Deal: Record Type": "Sale",
        "Asking Price": "10500000",
        "Lease Rate": "",
        "Listing Effective Date": "11/7/2025",
        "Listing Expiration Date": "11/6/2026",
        "Square Footage": "240258",
        "Acreage": "13.48",
        "Lease Square Footage": "",
        "broker_name": "Chris Pennington",
        "broker_email": "Cpennington@binswanger.com",
        "address": "7494 Federalsburg Road, Bridgeville, DE",
        "city_state": "Bridgeville, DE",
        "street_address": "7494 Federalsburg Road",
        "deal_name": "Bridgeville, DE - 7494 Federalsburg Road - Listing 25",
        "record_type": "Sale",
        "asking_price": "10500000",
        "lease_rate": "",
        "listing_effective_date": "11/7/2025",
        "listing_expiration_date": "11/6/2026",
        "square_footage": "240258",
        "acreage": "13.48",
        "lease_square_footage": ""
      },
      "geometry": {
        "type": "Point",
        "coordinates": [
          -75.60797,
          38.74109
        ]
      }
    },
    {
      "type": "Feature",
      "properties": {
        "Owner": "Matthew Fennelly",
        "Property": "Lawrence Township, NJ - 239-241 Bakers Basin Road - Listing 25",
        "Deal: Deal Name": "Lawrence Township, NJ - 239-241 Bakers Basin Road - Listing 25",
        "Deal: Record Type": "Lease",
        "Asking Price": "",
        "Lease Rate": "",
        "Listing Effective Date": "12/15/2025",
        "Listing Expiration Date": "12/14/2026",
        "Square Footage": "2500",
        "Acreage": "12.97",
        "Lease Square Footage": "",
        "broker_name": "Matthew Fennelly",
        "broker_email": "MFennelly@binswanger.com",
        "address": "239-241 Bakers Basin Road, Lawrence Township, NJ",
        "city_state": "Lawrence Township, NJ",
        "street_address": "239-241 Bakers Basin Road",
        "deal_name": "Lawrence Township, NJ - 239-241 Bakers Basin Road - Listing 25",
        "record_type": "Lease",
        "asking_price": "",
        "lease_rate": "",
        "listing_effective_date": "12/15/2025",
        "listing_expiration_date": "12/14/2026",
        "square_footage": "2500",
        "acreage": "12.97",
        "lease_square_footage": ""
      },
      "geometry": {
        "type": "Point",
        "coordinates": [
          -74.697696,
          40.274128
        ]
      }
    },
    {
      "type": "Feature",
      "properties": {
        "Owner": "Doug Faris",
        "Property": "Gretna, VA - 281 Industrial Drive - Listing 25",
        "Deal: Deal Name": "Gretna, VA - 281 Industrial Drive - Listing 25",
        "Deal: Record Type": "Sale",
        "Asking Price": "7250000",
        "Lease Rate": "",
        "Listing Effective Date": "9/24/2025",
        "Listing Expiration Date": "9/24/2026",
        "Square Footage": "135000",
        "Acreage": "12.26",
        "Lease Square Footage": "",
        "broker_name": "Doug Faris",
        "broker_email": "DFaris@binswanger.com",
        "address": "281 Industrial Drive, Gretna, VA",
        "city_state": "Gretna, VA",
        "street_address": "281 Industrial Drive",
        "deal_name": "Gretna, VA - 281 Industrial Drive - Listing 25",
        "record_type": "Sale",
        "asking_price": "7250000",
        "lease_rate": "",
        "listing_effective_date": "9/24/2025",
        "listing_expiration_date": "9/24/2026",
        "square_footage": "135000",
        "acreage": "12.26",
        "lease_square_footage": ""
      },
      "geometry": {
        "type": "Point",
        "coordinates": [
          -79.375077,
          36.947416
        ]
      }
    },
    {
      "type": "Feature",
      "properties": {
        "Owner": "Tim Pennington",
        "Property": "Allenwood, PA - 198 Enterprise Boulevard - Listing 25",
        "Deal: Deal Name": "Allenwood, PA - 198 Enterprise Boulevard - Listing 25",
        "Deal: Record Type": "Lease",
        "Asking Price": "",
        "Lease Rate": "",
        "Listing Effective Date": "6/27/2025",
        "Listing Expiration Date": "6/26/2026",
        "Square Footage": "",
        "Acreage": "12",
        "Lease Square Footage": "",
        "broker_name": "Tim Pennington",
        "broker_email": "tpennington@binswanger.com",
        "address": "198 Enterprise Boulevard, Allenwood, PA",
        "city_state": "Allenwood, PA",
        "street_address": "198 Enterprise Boulevard",
        "deal_name": "Allenwood, PA - 198 Enterprise Boulevard - Listing 25",
        "record_type": "Lease",
        "asking_price": "",
        "lease_rate": "",
        "listing_effective_date": "6/27/2025",
        "listing_expiration_date": "6/26/2026",
        "square_footage": "",
        "acreage": "12",
        "lease_square_footage": ""
      },
      "geometry": {
        "type": "Point",
        "coordinates": [
          -76.901238,
          41.114191
        ]
      }
    },
    {
      "type": "Feature",
      "properties": {
        "Owner": "Matthew Fennelly",
        "Property": "Monmouth Junction, NJ - 2000 Cornwall Road - Listing 26",
        "Deal: Deal Name": "Monmouth Junction, NJ - 2000 Cornwall Road - Listing 26",
        "Deal: Record Type": "Lease",
        "Asking Price": "",
        "Lease Rate": "",
        "Listing Effective Date": "2/26/2026",
        "Listing Expiration Date": "2/25/2027",
        "Square Footage": "94660",
        "Acreage": "11.37",
        "Lease Square Footage": "",
        "broker_name": "Matthew Fennelly",
        "broker_email": "MFennelly@binswanger.com",
        "address": "2000 Cornwall Road, Monmouth Junction, NJ",
        "city_state": "Monmouth Junction, NJ",
        "street_address": "2000 Cornwall Road",
        "deal_name": "Monmouth Junction, NJ - 2000 Cornwall Road - Listing 26",
        "record_type": "Lease",
        "asking_price": "",
        "lease_rate": "",
        "listing_effective_date": "2/26/2026",
        "listing_expiration_date": "2/25/2027",
        "square_footage": "94660",
        "acreage": "11.37",
        "lease_square_footage": ""
      },
      "geometry": {
        "type": "Point",
        "coordinates": [
          -74.530066,
          40.414262
        ]
      }
    },
    {
      "type": "Feature",
      "properties": {
        "Owner": "Shaun Kirchin",
        "Property": "Florence, SC - 4501 East Palmetto  Street - Listing 26",
        "Deal: Deal Name": "Florence, SC - 4501 East Palmetto  Street - Listing 26",
        "Deal: Record Type": "Lease",
        "Asking Price": "",
        "Lease Rate": "",
        "Listing Effective Date": "8/19/2026",
        "Listing Expiration Date": "8/18/2027",
        "Square Footage": "200000",
        "Acreage": "11.14",
        "Lease Square Footage": "",
        "broker_name": "Shaun Kirchin",
        "broker_email": "skirchin@binswanger.com",
        "address": "4501 East Palmetto  Street, Florence, SC",
        "city_state": "Florence, SC",
        "street_address": "4501 East Palmetto  Street",
        "deal_name": "Florence, SC - 4501 East Palmetto  Street - Listing 26",
        "record_type": "Lease",
        "asking_price": "",
        "lease_rate": "",
        "listing_effective_date": "8/19/2026",
        "listing_expiration_date": "8/18/2027",
        "square_footage": "200000",
        "acreage": "11.14",
        "lease_square_footage": ""
      },
      "geometry": {
        "type": "Point",
        "coordinates": [
          -79.66622,
          34.19763
        ]
      }
    },
    {
      "type": "Feature",
      "properties": {
        "Owner": "Nick Savage",
        "Property": "Ridgefield Park, NJ - 55 Challenger Road - Listing 26",
        "Deal: Deal Name": "Ridgefield Park, NJ - 55 Challenger Road - Listing 26",
        "Deal: Record Type": "Lease",
        "Asking Price": "",
        "Lease Rate": "",
        "Listing Effective Date": "6/2/2026",
        "Listing Expiration Date": "6/1/2027",
        "Square Footage": "57783",
        "Acreage": "11",
        "Lease Square Footage": "",
        "broker_name": "Nick Savage",
        "broker_email": "NSavage@binswanger.com",
        "address": "55 Challenger Road, Ridgefield Park, NJ",
        "city_state": "Ridgefield Park, NJ",
        "street_address": "55 Challenger Road",
        "deal_name": "Ridgefield Park, NJ - 55 Challenger Road - Listing 26",
        "record_type": "Lease",
        "asking_price": "",
        "lease_rate": "",
        "listing_effective_date": "6/2/2026",
        "listing_expiration_date": "6/1/2027",
        "square_footage": "57783",
        "acreage": "11",
        "lease_square_footage": ""
      },
      "geometry": {
        "type": "Point",
        "coordinates": [
          -74.012741,
          40.846466
        ]
      }
    },
    {
      "type": "Feature",
      "properties": {
        "Owner": "Nick Biedron",
        "Property": "Juncos, PR - PR-31, Ceiba Norte - Listing 26",
        "Deal: Deal Name": "Juncos, PR - PR-31, Ceiba Norte - Listing 26",
        "Deal: Record Type": "Sale",
        "Asking Price": "",
        "Lease Rate": "",
        "Listing Effective Date": "6/23/2026",
        "Listing Expiration Date": "6/22/2027",
        "Square Footage": "100000",
        "Acreage": "10.8",
        "Lease Square Footage": "",
        "broker_name": "Nick Biedron",
        "broker_email": "nbiedron@binswanger.com",
        "address": "PR-31, Ceiba Norte, Juncos, PR",
        "city_state": "Juncos, PR",
        "street_address": "PR-31, Ceiba Norte",
        "deal_name": "Juncos, PR - PR-31, Ceiba Norte - Listing 26",
        "record_type": "Sale",
        "asking_price": "",
        "lease_rate": "",
        "listing_effective_date": "6/23/2026",
        "listing_expiration_date": "6/22/2027",
        "square_footage": "100000",
        "acreage": "10.8",
        "lease_square_footage": ""
      },
      "geometry": {
        "type": "Point",
        "coordinates": [
          -65.789324,
          18.145863
        ]
      }
    },
    {
      "type": "Feature",
      "properties": {
        "Owner": "Nicholas Giganti",
        "Property": "Petersburg, VA - 2340 & 2400 Washington Street - Listing 26",
        "Deal: Deal Name": "Petersburg, VA - 2340 & 2400 Washington Street - Listing 26",
        "Deal: Record Type": "Sale",
        "Asking Price": "2250000",
        "Lease Rate": "",
        "Listing Effective Date": "5/19/2026",
        "Listing Expiration Date": "5/18/2027",
        "Square Footage": "109498",
        "Acreage": "10.73",
        "Lease Square Footage": "",
        "broker_name": "Nicholas Giganti",
        "broker_email": "ngiganti@binswanger.com",
        "address": "2340 & 2400 Washington Street, Petersburg, VA",
        "city_state": "Petersburg, VA",
        "street_address": "2340 & 2400 Washington Street",
        "deal_name": "Petersburg, VA - 2340 & 2400 Washington Street - Listing 26",
        "record_type": "Sale",
        "asking_price": "2250000",
        "lease_rate": "",
        "listing_effective_date": "5/19/2026",
        "listing_expiration_date": "5/18/2027",
        "square_footage": "109498",
        "acreage": "10.73",
        "lease_square_footage": ""
      },
      "geometry": {
        "type": "Point",
        "coordinates": [
          -77.362584,
          37.238568
        ]
      }
    },
    {
      "type": "Feature",
      "properties": {
        "Owner": "David Barber",
        "Property": "Anniston, AL - 2412 Eulaton Road - Listing 25",
        "Deal: Deal Name": "Anniston, AL - 2412 Eulaton Road - Listing 25",
        "Deal: Record Type": "Sale",
        "Asking Price": "400000",
        "Lease Rate": "",
        "Listing Effective Date": "7/23/2025",
        "Listing Expiration Date": "7/22/2026",
        "Square Footage": "",
        "Acreage": "10.6",
        "Lease Square Footage": "",
        "broker_name": "David Barber",
        "broker_email": "DBarber@binswanger.com",
        "address": "2412 Eulaton Road, Anniston, AL",
        "city_state": "Anniston, AL",
        "street_address": "2412 Eulaton Road",
        "deal_name": "Anniston, AL - 2412 Eulaton Road - Listing 25",
        "record_type": "Sale",
        "asking_price": "400000",
        "lease_rate": "",
        "listing_effective_date": "7/23/2025",
        "listing_expiration_date": "7/22/2026",
        "square_footage": "",
        "acreage": "10.6",
        "lease_square_footage": ""
      },
      "geometry": {
        "type": "Point",
        "coordinates": [
          -85.864543,
          33.654151
        ]
      }
    },
    {
      "type": "Feature",
      "properties": {
        "Owner": "Michael Torsiello",
        "Property": "Clayton, NJ - 932 North Delsea Drive - Listing 26",
        "Deal: Deal Name": "Clayton, NJ - 932 North Delsea Drive - Listing 26",
        "Deal: Record Type": "Sale",
        "Asking Price": "",
        "Lease Rate": "",
        "Listing Effective Date": "3/6/2026",
        "Listing Expiration Date": "3/5/2027",
        "Square Footage": "",
        "Acreage": "10",
        "Lease Square Footage": "",
        "broker_name": "Michael Torsiello",
        "broker_email": "mtorsiello@binswanger.com",
        "address": "932 North Delsea Drive, Clayton, NJ",
        "city_state": "Clayton, NJ",
        "street_address": "932 North Delsea Drive",
        "deal_name": "Clayton, NJ - 932 North Delsea Drive - Listing 26",
        "record_type": "Sale",
        "asking_price": "",
        "lease_rate": "",
        "listing_effective_date": "3/6/2026",
        "listing_expiration_date": "3/5/2027",
        "square_footage": "",
        "acreage": "10",
        "lease_square_footage": ""
      },
      "geometry": {
        "type": "Point",
        "coordinates": [
          -75.09653,
          39.66859
        ]
      }
    },
    {
      "type": "Feature",
      "properties": {
        "Owner": "Zach Binswanger",
        "Property": "Elgin, IL - 1400 Abbot Drive - Listing 26",
        "Deal: Deal Name": "Elgin, IL - 1400 Abbot Drive - Listing 26",
        "Deal: Record Type": "Sale",
        "Asking Price": "",
        "Lease Rate": "",
        "Listing Effective Date": "4/9/2026",
        "Listing Expiration Date": "4/8/2027",
        "Square Footage": "170216",
        "Acreage": "10",
        "Lease Square Footage": "",
        "broker_name": "Zach Binswanger",
        "broker_email": "zbinswanger@binswanger.com",
        "address": "1400 Abbot Drive, Elgin, IL",
        "city_state": "Elgin, IL",
        "street_address": "1400 Abbot Drive",
        "deal_name": "Elgin, IL - 1400 Abbot Drive - Listing 26",
        "record_type": "Sale",
        "asking_price": "",
        "lease_rate": "",
        "listing_effective_date": "4/9/2026",
        "listing_expiration_date": "4/8/2027",
        "square_footage": "170216",
        "acreage": "10",
        "lease_square_footage": ""
      },
      "geometry": {
        "type": "Point",
        "coordinates": [
          -88.311852,
          42.055866
        ]
      }
    },
    {
      "type": "Feature",
      "properties": {
        "Owner": "Brooke Oldt",
        "Property": "Hodgkins, IL - 7300 Santa Fe Drive - Listing 25",
        "Deal: Deal Name": "Hodgkins, IL - 7300 Santa Fe Drive - Listing 25",
        "Deal: Record Type": "Sale",
        "Asking Price": "",
        "Lease Rate": "",
        "Listing Effective Date": "10/14/2025",
        "Listing Expiration Date": "10/13/2026",
        "Square Footage": "235560",
        "Acreage": "9.9",
        "Lease Square Footage": "",
        "broker_name": "Brooke Oldt",
        "broker_email": "boldt@binswanger.com",
        "address": "7300 Santa Fe Drive, Hodgkins, IL",
        "city_state": "Hodgkins, IL",
        "street_address": "7300 Santa Fe Drive",
        "deal_name": "Hodgkins, IL - 7300 Santa Fe Drive - Listing 25",
        "record_type": "Sale",
        "asking_price": "",
        "lease_rate": "",
        "listing_effective_date": "10/14/2025",
        "listing_expiration_date": "10/13/2026",
        "square_footage": "235560",
        "acreage": "9.9",
        "lease_square_footage": ""
      },
      "geometry": {
        "type": "Point",
        "coordinates": [
          -87.866947,
          41.755906
        ]
      }
    },
    {
      "type": "Feature",
      "properties": {
        "Owner": "Jason Ostach",
        "Property": "Vineland, NJ - 18 Burns Avenue - Listing 26",
        "Deal: Deal Name": "Vineland, NJ - 18 Burns Avenue - Listing 26",
        "Deal: Record Type": "Sale",
        "Asking Price": "7800000",
        "Lease Rate": "",
        "Listing Effective Date": "8/10/2026",
        "Listing Expiration Date": "8/9/2027",
        "Square Footage": "140020",
        "Acreage": "9.5500000000000007",
        "Lease Square Footage": "",
        "broker_name": "Jason Ostach",
        "broker_email": "jostach@binswanger.com",
        "address": "18 Burns Avenue, Vineland, NJ",
        "city_state": "Vineland, NJ",
        "street_address": "18 Burns Avenue",
        "deal_name": "Vineland, NJ - 18 Burns Avenue - Listing 26",
        "record_type": "Sale",
        "asking_price": "7800000",
        "lease_rate": "",
        "listing_effective_date": "8/10/2026",
        "listing_expiration_date": "8/9/2027",
        "square_footage": "140020",
        "acreage": "9.5500000000000007",
        "lease_square_footage": ""
      },
      "geometry": {
        "type": "Point",
        "coordinates": [
          -75.02964,
          39.43146
        ]
      }
    },
    {
      "type": "Feature",
      "properties": {
        "Owner": "Chris Pennington",
        "Property": "Levittown, PA - 8400 Route 13 - Listing 26",
        "Deal: Deal Name": "Levittown, PA - 8400 Route 13 - Listing 26",
        "Deal: Record Type": "Sale",
        "Asking Price": "5000000",
        "Lease Rate": "",
        "Listing Effective Date": "5/14/2026",
        "Listing Expiration Date": "11/13/2026",
        "Square Footage": "56523",
        "Acreage": "9.35",
        "Lease Square Footage": "",
        "broker_name": "Chris Pennington",
        "broker_email": "Cpennington@binswanger.com",
        "address": "8400 Route 13, Levittown, PA",
        "city_state": "Levittown, PA",
        "street_address": "8400 Route 13",
        "deal_name": "Levittown, PA - 8400 Route 13 - Listing 26",
        "record_type": "Sale",
        "asking_price": "5000000",
        "lease_rate": "",
        "listing_effective_date": "5/14/2026",
        "listing_expiration_date": "11/13/2026",
        "square_footage": "56523",
        "acreage": "9.35",
        "lease_square_footage": ""
      },
      "geometry": {
        "type": "Point",
        "coordinates": [
          -74.814601,
          40.143
        ]
      }
    },
    {
      "type": "Feature",
      "properties": {
        "Owner": "Crawford Standard",
        "Property": "Humboldt, TN - 7 American Woodmark Drive - Listing 26",
        "Deal: Deal Name": "Humboldt, TN - 7 American Woodmark Drive - Listing 26",
        "Deal: Record Type": "Sale",
        "Asking Price": "6260000",
        "Lease Rate": "",
        "Listing Effective Date": "4/23/2026",
        "Listing Expiration Date": "4/30/2027",
        "Square Footage": "74707",
        "Acreage": "9.1199999999999992",
        "Lease Square Footage": "",
        "broker_name": "Crawford Standard",
        "broker_email": "cstandard@binswanger.com",
        "address": "7 American Woodmark Drive, Humboldt, TN",
        "city_state": "Humboldt, TN",
        "street_address": "7 American Woodmark Drive",
        "deal_name": "Humboldt, TN - 7 American Woodmark Drive - Listing 26",
        "record_type": "Sale",
        "asking_price": "6260000",
        "lease_rate": "",
        "listing_effective_date": "4/23/2026",
        "listing_expiration_date": "4/30/2027",
        "square_footage": "74707",
        "acreage": "9.1199999999999992",
        "lease_square_footage": ""
      },
      "geometry": {
        "type": "Point",
        "coordinates": [
          -88.937067,
          35.82488
        ]
      }
    },
    {
      "type": "Feature",
      "properties": {
        "Owner": "Tamar Arslanian",
        "Property": "Kirchentellinsfurt, Germany - Mahdenstrasse 6 - Listing 26",
        "Deal: Deal Name": "Kirchentellinsfurt, Germany - Mahdenstrasse 6 - Listing 26",
        "Deal: Record Type": "Sale",
        "Asking Price": "",
        "Lease Rate": "",
        "Listing Effective Date": "3/2/2026",
        "Listing Expiration Date": "3/1/2027",
        "Square Footage": "575000",
        "Acreage": "9",
        "Lease Square Footage": "",
        "broker_name": "Tamar Arslanian",
        "broker_email": "tarslanian@binswanger.com",
        "address": "Mahdenstrasse 6, Kirchentellinsfurt, Germany",
        "city_state": "Kirchentellinsfurt, Germany",
        "street_address": "Mahdenstrasse 6",
        "deal_name": "Kirchentellinsfurt, Germany - Mahdenstrasse 6 - Listing 26",
        "record_type": "Sale",
        "asking_price": "",
        "lease_rate": "",
        "listing_effective_date": "3/2/2026",
        "listing_expiration_date": "3/1/2027",
        "square_footage": "575000",
        "acreage": "9",
        "lease_square_footage": ""
      },
      "geometry": {
        "type": "Point",
        "coordinates": [
          9.171471,
          48.542685
        ]
      }
    },
    {
      "type": "Feature",
      "properties": {
        "Owner": "Jonathan Elkins",
        "Property": "Shelton, CT - 1 Parrott Drive - Listing 26",
        "Deal: Deal Name": "Shelton, CT - 1 Parrott Drive - Listing 26",
        "Deal: Record Type": "Sale",
        "Asking Price": "",
        "Lease Rate": "",
        "Listing Effective Date": "5/13/2026",
        "Listing Expiration Date": "2/12/2027",
        "Square Footage": "102000",
        "Acreage": "8.9",
        "Lease Square Footage": "",
        "broker_name": "Jonathan Elkins",
        "broker_email": "JElkins@binswanger.com",
        "address": "1 Parrott Drive, Shelton, CT",
        "city_state": "Shelton, CT",
        "street_address": "1 Parrott Drive",
        "deal_name": "Shelton, CT - 1 Parrott Drive - Listing 26",
        "record_type": "Sale",
        "asking_price": "",
        "lease_rate": "",
        "listing_effective_date": "5/13/2026",
        "listing_expiration_date": "2/12/2027",
        "square_footage": "102000",
        "acreage": "8.9",
        "lease_square_footage": ""
      },
      "geometry": {
        "type": "Point",
        "coordinates": [
          -73.129598,
          41.272539
        ]
      }
    },
    {
      "type": "Feature",
      "properties": {
        "Owner": "Nicole May",
        "Property": "Scottsburg, IN - 745 South Gardner Street - Listing 26",
        "Deal: Deal Name": "Scottsburg, IN - 745 South Gardner Street - Listing 26",
        "Deal: Record Type": "Sale",
        "Asking Price": "",
        "Lease Rate": "",
        "Listing Effective Date": "5/20/2026",
        "Listing Expiration Date": "5/19/2027",
        "Square Footage": "204250",
        "Acreage": "8.39",
        "Lease Square Footage": "",
        "broker_name": "Nicole May",
        "broker_email": "nmay@binswanger.com",
        "address": "745 South Gardner Street, Scottsburg, IN",
        "city_state": "Scottsburg, IN",
        "street_address": "745 South Gardner Street",
        "deal_name": "Scottsburg, IN - 745 South Gardner Street - Listing 26",
        "record_type": "Sale",
        "asking_price": "",
        "lease_rate": "",
        "listing_effective_date": "5/20/2026",
        "listing_expiration_date": "5/19/2027",
        "square_footage": "204250",
        "acreage": "8.39",
        "lease_square_footage": ""
      },
      "geometry": {
        "type": "Point",
        "coordinates": [
          -85.776959,
          38.677894
        ]
      }
    },
    {
      "type": "Feature",
      "properties": {
        "Owner": "Josh Krantz",
        "Property": "Midland Park, NJ- 78 Godwin Avenue - Listing 26",
        "Deal: Deal Name": "Midland Park, NJ- 78 Godwin Avenue - Listing 26",
        "Deal: Record Type": "Lease",
        "Asking Price": "",
        "Lease Rate": "",
        "Listing Effective Date": "7/22/2026",
        "Listing Expiration Date": "1/22/2027",
        "Square Footage": "6000",
        "Acreage": "8.23",
        "Lease Square Footage": "",
        "broker_name": "Josh Krantz",
        "broker_email": "jkrantz@binswanger.com",
        "address": "Listing 26, Midland Park, NJ- 78 Godwin Avenue",
        "city_state": "Midland Park, NJ- 78 Godwin Avenue",
        "street_address": "Listing 26",
        "deal_name": "Midland Park, NJ- 78 Godwin Avenue - Listing 26",
        "record_type": "Lease",
        "asking_price": "",
        "lease_rate": "",
        "listing_effective_date": "7/22/2026",
        "listing_expiration_date": "1/22/2027",
        "square_footage": "6000",
        "acreage": "8.23",
        "lease_square_footage": ""
      },
      "geometry": {
        "type": "Point",
        "coordinates": [
          -74.137869,
          40.984761
        ]
      }
    },
    {
      "type": "Feature",
      "properties": {
        "Owner": "Josh Krantz",
        "Property": "Wayne, NJ - 1810 Route 23 - Listing 26",
        "Deal: Deal Name": "Wayne, NJ - 1810 Route 23 - Listing 26",
        "Deal: Record Type": "Lease",
        "Asking Price": "",
        "Lease Rate": "",
        "Listing Effective Date": "4/22/2026",
        "Listing Expiration Date": "10/21/2026",
        "Square Footage": "900",
        "Acreage": "8.19",
        "Lease Square Footage": "",
        "broker_name": "Josh Krantz",
        "broker_email": "jkrantz@binswanger.com",
        "address": "1810 Route 23, Wayne, NJ",
        "city_state": "Wayne, NJ",
        "street_address": "1810 Route 23",
        "deal_name": "Wayne, NJ - 1810 Route 23 - Listing 26",
        "record_type": "Lease",
        "asking_price": "",
        "lease_rate": "",
        "listing_effective_date": "4/22/2026",
        "listing_expiration_date": "10/21/2026",
        "square_footage": "900",
        "acreage": "8.19",
        "lease_square_footage": ""
      },
      "geometry": {
        "type": "Point",
        "coordinates": [
          -74.271658,
          40.946487
        ]
      }
    },
    {
      "type": "Feature",
      "properties": {
        "Owner": "Nicholas Maras",
        "Property": "Egg Harbor City, NJ - 30-34 White Horse Pike - Listing 26",
        "Deal: Deal Name": "Egg Harbor City, NJ - 30-34 White Horse Pike - Listing 26",
        "Deal: Record Type": "Sale",
        "Asking Price": "2000000",
        "Lease Rate": "",
        "Listing Effective Date": "7/8/2026",
        "Listing Expiration Date": "1/7/2027",
        "Square Footage": "",
        "Acreage": "8",
        "Lease Square Footage": "",
        "broker_name": "Nicholas Maras",
        "broker_email": "NMaras@binswanger.com",
        "address": "30-34 White Horse Pike, Egg Harbor City, NJ",
        "city_state": "Egg Harbor City, NJ",
        "street_address": "30-34 White Horse Pike",
        "deal_name": "Egg Harbor City, NJ - 30-34 White Horse Pike - Listing 26",
        "record_type": "Sale",
        "asking_price": "2000000",
        "lease_rate": "",
        "listing_effective_date": "7/8/2026",
        "listing_expiration_date": "1/7/2027",
        "square_footage": "",
        "acreage": "8",
        "lease_square_footage": ""
      },
      "geometry": {
        "type": "Point",
        "coordinates": [
          -74.65518,
          39.53282
        ]
      }
    },
    {
      "type": "Feature",
      "properties": {
        "Owner": "Chris Pennington",
        "Property": "Philadelphia, PA - 765 S Christopher Columbus Blvd - Piers 38/39 - Listing 25",
        "Deal: Deal Name": "Philadelphia, PA - 765 S Christopher Columbus Blvd - Piers 38/39 - Listing 25",
        "Deal: Record Type": "Sale",
        "Asking Price": "25000000",
        "Lease Rate": "",
        "Listing Effective Date": "9/18/2025",
        "Listing Expiration Date": "10/16/2026",
        "Square Footage": "180000",
        "Acreage": "8",
        "Lease Square Footage": "",
        "broker_name": "Chris Pennington",
        "broker_email": "Cpennington@binswanger.com",
        "address": "765 S Christopher Columbus Blvd, Philadelphia, PA",
        "city_state": "Philadelphia, PA",
        "street_address": "765 S Christopher Columbus Blvd",
        "deal_name": "Philadelphia, PA - 765 S Christopher Columbus Blvd - Piers 38/39 - Listing 25",
        "record_type": "Sale",
        "asking_price": "25000000",
        "lease_rate": "",
        "listing_effective_date": "9/18/2025",
        "listing_expiration_date": "10/16/2026",
        "square_footage": "180000",
        "acreage": "8",
        "lease_square_footage": ""
      },
      "geometry": {
        "type": "Point",
        "coordinates": [
          -75.14094,
          39.93601
        ]
      }
    },
    {
      "type": "Feature",
      "properties": {
        "Owner": "Jonathan Elkins",
        "Property": "Torrington, CT - 368 Ella Grasso Avenue - Listing 26",
        "Deal: Deal Name": "Torrington, CT - 368 Ella Grasso Avenue - Listing 26",
        "Deal: Record Type": "Sale",
        "Asking Price": "",
        "Lease Rate": "",
        "Listing Effective Date": "6/2/2026",
        "Listing Expiration Date": "12/1/2026",
        "Square Footage": "132962",
        "Acreage": "7.3",
        "Lease Square Footage": "",
        "broker_name": "Jonathan Elkins",
        "broker_email": "JElkins@binswanger.com",
        "address": "368 Ella Grasso Avenue, Torrington, CT",
        "city_state": "Torrington, CT",
        "street_address": "368 Ella Grasso Avenue",
        "deal_name": "Torrington, CT - 368 Ella Grasso Avenue - Listing 26",
        "record_type": "Sale",
        "asking_price": "",
        "lease_rate": "",
        "listing_effective_date": "6/2/2026",
        "listing_expiration_date": "12/1/2026",
        "square_footage": "132962",
        "acreage": "7.3",
        "lease_square_footage": ""
      },
      "geometry": {
        "type": "Point",
        "coordinates": [
          -73.070302,
          41.868185
        ]
      }
    },
    {
      "type": "Feature",
      "properties": {
        "Owner": "Chris Pennington",
        "Property": "Philadelphia, PA - 6801R A, D and F New State Road - Listing 26",
        "Deal: Deal Name": "Philadelphia, PA - 6801R A, D and F New State Road - Listing 26",
        "Deal: Record Type": "Sale",
        "Asking Price": "",
        "Lease Rate": "",
        "Listing Effective Date": "4/5/2026",
        "Listing Expiration Date": "4/4/2027",
        "Square Footage": "181012",
        "Acreage": "7.24",
        "Lease Square Footage": "",
        "broker_name": "Chris Pennington",
        "broker_email": "Cpennington@binswanger.com",
        "address": "6801R A, D and F New State Road, Philadelphia, PA",
        "city_state": "Philadelphia, PA",
        "street_address": "6801R A, D and F New State Road",
        "deal_name": "Philadelphia, PA - 6801R A, D and F New State Road - Listing 26",
        "record_type": "Sale",
        "asking_price": "",
        "lease_rate": "",
        "listing_effective_date": "4/5/2026",
        "listing_expiration_date": "4/4/2027",
        "square_footage": "181012",
        "acreage": "7.24",
        "lease_square_footage": ""
      },
      "geometry": {
        "type": "Point",
        "coordinates": [
          -75.03919,
          40.021113
        ]
      }
    },
    {
      "type": "Feature",
      "properties": {
        "Owner": "Chris Pennington",
        "Property": "Philadelphia, PA - 2155 Castor Avenue - Listing 26",
        "Deal: Deal Name": "Philadelphia, PA - 2155 Castor Avenue - Listing 26",
        "Deal: Record Type": "Sale",
        "Asking Price": "",
        "Lease Rate": "",
        "Listing Effective Date": "5/4/2026",
        "Listing Expiration Date": "11/3/2026",
        "Square Footage": "214891",
        "Acreage": "6.7",
        "Lease Square Footage": "",
        "broker_name": "Chris Pennington",
        "broker_email": "Cpennington@binswanger.com",
        "address": "2155 Castor Avenue, Philadelphia, PA",
        "city_state": "Philadelphia, PA",
        "street_address": "2155 Castor Avenue",
        "deal_name": "Philadelphia, PA - 2155 Castor Avenue - Listing 26",
        "record_type": "Sale",
        "asking_price": "",
        "lease_rate": "",
        "listing_effective_date": "5/4/2026",
        "listing_expiration_date": "11/3/2026",
        "square_footage": "214891",
        "acreage": "6.7",
        "lease_square_footage": ""
      },
      "geometry": {
        "type": "Point",
        "coordinates": [
          -75.096577,
          39.999032
        ]
      }
    },
    {
      "type": "Feature",
      "properties": {
        "Owner": "Chris Pennington",
        "Property": "Bristol, PA - 805 North Wilson Avenue - Listing 26",
        "Deal: Deal Name": "Bristol, PA - 805 North Wilson Avenue - Listing 26",
        "Deal: Record Type": "Sale",
        "Asking Price": "",
        "Lease Rate": "",
        "Listing Effective Date": "5/18/2026",
        "Listing Expiration Date": "11/17/2026",
        "Square Footage": "93020",
        "Acreage": "6.66",
        "Lease Square Footage": "",
        "broker_name": "Chris Pennington",
        "broker_email": "Cpennington@binswanger.com",
        "address": "805 North Wilson Avenue, Bristol, PA",
        "city_state": "Bristol, PA",
        "street_address": "805 North Wilson Avenue",
        "deal_name": "Bristol, PA - 805 North Wilson Avenue - Listing 26",
        "record_type": "Sale",
        "asking_price": "",
        "lease_rate": "",
        "listing_effective_date": "5/18/2026",
        "listing_expiration_date": "11/17/2026",
        "square_footage": "93020",
        "acreage": "6.66",
        "lease_square_footage": ""
      },
      "geometry": {
        "type": "Point",
        "coordinates": [
          -74.842663,
          40.116438
        ]
      }
    },
    {
      "type": "Feature",
      "properties": {
        "Owner": "Chris Pennington",
        "Property": "Philadelphia, PA - 1100 & 1300 S Christopher Columbus Blvd - Listing 25",
        "Deal: Deal Name": "Philadelphia, PA - 1100 & 1300 S Christopher Columbus Blvd - Listing 25",
        "Deal: Record Type": "Sale",
        "Asking Price": "40000000",
        "Lease Rate": "",
        "Listing Effective Date": "9/18/2025",
        "Listing Expiration Date": "9/16/2026",
        "Square Footage": "128529",
        "Acreage": "6.47",
        "Lease Square Footage": "",
        "broker_name": "Chris Pennington",
        "broker_email": "Cpennington@binswanger.com",
        "address": "1100 & 1300 S Christopher Columbus Blvd, Philadelphia, PA",
        "city_state": "Philadelphia, PA",
        "street_address": "1100 & 1300 S Christopher Columbus Blvd",
        "deal_name": "Philadelphia, PA - 1100 & 1300 S Christopher Columbus Blvd - Listing 25",
        "record_type": "Sale",
        "asking_price": "40000000",
        "lease_rate": "",
        "listing_effective_date": "9/18/2025",
        "listing_expiration_date": "9/16/2026",
        "square_footage": "128529",
        "acreage": "6.47",
        "lease_square_footage": ""
      },
      "geometry": {
        "type": "Point",
        "coordinates": [
          -75.144614,
          39.932327
        ]
      }
    },
    {
      "type": "Feature",
      "properties": {
        "Owner": "Chris Pennington",
        "Property": "Philadelphia, PA - 3780-3800 Frankford Avenue - Listing 26",
        "Deal: Deal Name": "Philadelphia, PA - 3780-3800 Frankford Avenue - Listing 26",
        "Deal: Record Type": "Sale",
        "Asking Price": "",
        "Lease Rate": "",
        "Listing Effective Date": "2/2/2026",
        "Listing Expiration Date": "8/1/2026",
        "Square Footage": "132000",
        "Acreage": "6.13",
        "Lease Square Footage": "",
        "broker_name": "Chris Pennington",
        "broker_email": "Cpennington@binswanger.com",
        "address": "3780-3800 Frankford Avenue, Philadelphia, PA",
        "city_state": "Philadelphia, PA",
        "street_address": "3780-3800 Frankford Avenue",
        "deal_name": "Philadelphia, PA - 3780-3800 Frankford Avenue - Listing 26",
        "record_type": "Sale",
        "asking_price": "",
        "lease_rate": "",
        "listing_effective_date": "2/2/2026",
        "listing_expiration_date": "8/1/2026",
        "square_footage": "132000",
        "acreage": "6.13",
        "lease_square_footage": ""
      },
      "geometry": {
        "type": "Point",
        "coordinates": [
          -75.032025,
          40.040001
        ]
      }
    },
    {
      "type": "Feature",
      "properties": {
        "Owner": "Jonathan Elkins",
        "Property": "Whitehouse Station, NJ - 388 US Highway 22 W - Listing 26",
        "Deal: Deal Name": "Whitehouse Station, NJ - 388 US Highway 22 W - Listing 26",
        "Deal: Record Type": "Sale",
        "Asking Price": "",
        "Lease Rate": "",
        "Listing Effective Date": "5/1/2026",
        "Listing Expiration Date": "10/31/2026",
        "Square Footage": "63000",
        "Acreage": "5.84",
        "Lease Square Footage": "",
        "broker_name": "Jonathan Elkins",
        "broker_email": "JElkins@binswanger.com",
        "address": "388 US Highway 22 W, Whitehouse Station, NJ",
        "city_state": "Whitehouse Station, NJ",
        "street_address": "388 US Highway 22 W",
        "deal_name": "Whitehouse Station, NJ - 388 US Highway 22 W - Listing 26",
        "record_type": "Sale",
        "asking_price": "",
        "lease_rate": "",
        "listing_effective_date": "5/1/2026",
        "listing_expiration_date": "10/31/2026",
        "square_footage": "63000",
        "acreage": "5.84",
        "lease_square_footage": ""
      },
      "geometry": {
        "type": "Point",
        "coordinates": [
          -74.758429,
          40.620316
        ]
      }
    },
    {
      "type": "Feature",
      "properties": {
        "Owner": "Jason Kramer",
        "Property": "Ashland, VA - 12075 Harley Club Drive - Listing 25",
        "Deal: Deal Name": "Ashland, VA - 12075 Harley Club Drive - Listing 25",
        "Deal: Record Type": "Lease",
        "Asking Price": "",
        "Lease Rate": "",
        "Listing Effective Date": "12/23/2025",
        "Listing Expiration Date": "12/22/2026",
        "Square Footage": "30458",
        "Acreage": "5.52",
        "Lease Square Footage": "",
        "broker_name": "Jason Kramer",
        "broker_email": "jkramer@binswanger.com",
        "address": "12075 Harley Club Drive, Ashland, VA",
        "city_state": "Ashland, VA",
        "street_address": "12075 Harley Club Drive",
        "deal_name": "Ashland, VA - 12075 Harley Club Drive - Listing 25",
        "record_type": "Lease",
        "asking_price": "",
        "lease_rate": "",
        "listing_effective_date": "12/23/2025",
        "listing_expiration_date": "12/22/2026",
        "square_footage": "30458",
        "acreage": "5.52",
        "lease_square_footage": ""
      },
      "geometry": {
        "type": "Point",
        "coordinates": [
          -77.458131,
          37.734535
        ]
      }
    },
    {
      "type": "Feature",
      "properties": {
        "Owner": "Michael Torsiello",
        "Property": "Flemington, NJ - 8 Minneakoning Road - Listing 25",
        "Deal: Deal Name": "Flemington, NJ - 8 Minneakoning Road - Listing 25",
        "Deal: Record Type": "Sale",
        "Asking Price": "",
        "Lease Rate": "",
        "Listing Effective Date": "10/2/2025",
        "Listing Expiration Date": "10/1/2026",
        "Square Footage": "26620",
        "Acreage": "5.34",
        "Lease Square Footage": "",
        "broker_name": "Michael Torsiello",
        "broker_email": "mtorsiello@binswanger.com",
        "address": "8 Minneakoning Road, Flemington, NJ",
        "city_state": "Flemington, NJ",
        "street_address": "8 Minneakoning Road",
        "deal_name": "Flemington, NJ - 8 Minneakoning Road - Listing 25",
        "record_type": "Sale",
        "asking_price": "",
        "lease_rate": "",
        "listing_effective_date": "10/2/2025",
        "listing_expiration_date": "10/1/2026",
        "square_footage": "26620",
        "acreage": "5.34",
        "lease_square_footage": ""
      },
      "geometry": {
        "type": "Point",
        "coordinates": [
          -74.851916,
          40.529175
        ]
      }
    },
    {
      "type": "Feature",
      "properties": {
        "Owner": "Doug Faris",
        "Property": "Natural Bridge Station, VA - 70 Douglas Way - Listing 26",
        "Deal: Deal Name": "Natural Bridge Station, VA - 70 Douglas Way - Listing 26",
        "Deal: Record Type": "Lease",
        "Asking Price": "",
        "Lease Rate": "",
        "Listing Effective Date": "6/17/2026",
        "Listing Expiration Date": "6/16/2027",
        "Square Footage": "34000",
        "Acreage": "5.1100000000000003",
        "Lease Square Footage": "",
        "broker_name": "Doug Faris",
        "broker_email": "DFaris@binswanger.com",
        "address": "70 Douglas Way, Natural Bridge Station, VA",
        "city_state": "Natural Bridge Station, VA",
        "street_address": "70 Douglas Way",
        "deal_name": "Natural Bridge Station, VA - 70 Douglas Way - Listing 26",
        "record_type": "Lease",
        "asking_price": "",
        "lease_rate": "",
        "listing_effective_date": "6/17/2026",
        "listing_expiration_date": "6/16/2027",
        "square_footage": "34000",
        "acreage": "5.1100000000000003",
        "lease_square_footage": ""
      },
      "geometry": {
        "type": "Point",
        "coordinates": [
          -79.491605,
          37.621565
        ]
      }
    },
    {
      "type": "Feature",
      "properties": {
        "Owner": "Chris Pennington",
        "Property": "Philadelphia, PA - 1771 Tomlinson Road - Listing 26",
        "Deal: Deal Name": "Philadelphia, PA - 1771 Tomlinson Road - Listing 26",
        "Deal: Record Type": "Lease",
        "Asking Price": "",
        "Lease Rate": "",
        "Listing Effective Date": "8/18/2026",
        "Listing Expiration Date": "2/17/2027",
        "Square Footage": "45460",
        "Acreage": "5",
        "Lease Square Footage": "",
        "broker_name": "Chris Pennington",
        "broker_email": "Cpennington@binswanger.com",
        "address": "1771 Tomlinson Road, Philadelphia, PA",
        "city_state": "Philadelphia, PA",
        "street_address": "1771 Tomlinson Road",
        "deal_name": "Philadelphia, PA - 1771 Tomlinson Road - Listing 26",
        "record_type": "Lease",
        "asking_price": "",
        "lease_rate": "",
        "listing_effective_date": "8/18/2026",
        "listing_expiration_date": "2/17/2027",
        "square_footage": "45460",
        "acreage": "5",
        "lease_square_footage": ""
      },
      "geometry": {
        "type": "Point",
        "coordinates": [
          -75.014067,
          40.105211
        ]
      }
    },
    {
      "type": "Feature",
      "properties": {
        "Owner": "David Barber",
        "Property": "Macon, GA - 2225 Ronald Avenue - Listing 25",
        "Deal: Deal Name": "Macon, GA - 2225 Ronald Avenue - Listing 25",
        "Deal: Record Type": "Lease",
        "Asking Price": "",
        "Lease Rate": "",
        "Listing Effective Date": "10/16/2025",
        "Listing Expiration Date": "10/15/2026",
        "Square Footage": "29550",
        "Acreage": "4.67",
        "Lease Square Footage": "",
        "broker_name": "David Barber",
        "broker_email": "DBarber@binswanger.com",
        "address": "2225 Ronald Avenue, Macon, GA",
        "city_state": "Macon, GA",
        "street_address": "2225 Ronald Avenue",
        "deal_name": "Macon, GA - 2225 Ronald Avenue - Listing 25",
        "record_type": "Lease",
        "asking_price": "",
        "lease_rate": "",
        "listing_effective_date": "10/16/2025",
        "listing_expiration_date": "10/15/2026",
        "square_footage": "29550",
        "acreage": "4.67",
        "lease_square_footage": ""
      },
      "geometry": {
        "type": "Point",
        "coordinates": [
          -83.56409,
          32.81592
        ]
      }
    },
    {
      "type": "Feature",
      "properties": {
        "Owner": "Chris Pennington",
        "Property": "Philadelphia, PA - 300 East Godfrey Avenue - Listing 26",
        "Deal: Deal Name": "Philadelphia, PA - 300 East Godfrey Avenue - Listing 26",
        "Deal: Record Type": "Sale",
        "Asking Price": "",
        "Lease Rate": "",
        "Listing Effective Date": "1/6/2026",
        "Listing Expiration Date": "1/5/2027",
        "Square Footage": "252000",
        "Acreage": "4.5199999999999996",
        "Lease Square Footage": "",
        "broker_name": "Chris Pennington",
        "broker_email": "Cpennington@binswanger.com",
        "address": "300 East Godfrey Avenue, Philadelphia, PA",
        "city_state": "Philadelphia, PA",
        "street_address": "300 East Godfrey Avenue",
        "deal_name": "Philadelphia, PA - 300 East Godfrey Avenue - Listing 26",
        "record_type": "Sale",
        "asking_price": "",
        "lease_rate": "",
        "listing_effective_date": "1/6/2026",
        "listing_expiration_date": "1/5/2027",
        "square_footage": "252000",
        "acreage": "4.5199999999999996",
        "lease_square_footage": ""
      },
      "geometry": {
        "type": "Point",
        "coordinates": [
          -75.10958,
          40.042327
        ]
      }
    },
    {
      "type": "Feature",
      "properties": {
        "Owner": "Jeff Binswanger",
        "Property": "Medley, FL - 7321 NW 75th Street - Listing 25",
        "Deal: Deal Name": "Medley, FL - 7321 NW 75th Street - Listing 25",
        "Deal: Record Type": "Lease",
        "Asking Price": "",
        "Lease Rate": "14.95",
        "Listing Effective Date": "7/11/2025",
        "Listing Expiration Date": "7/10/2026",
        "Square Footage": "119008",
        "Acreage": "4.41",
        "Lease Square Footage": "",
        "broker_name": "Jeff Binswanger",
        "broker_email": "",
        "address": "7321 NW 75th Street, Medley, FL",
        "city_state": "Medley, FL",
        "street_address": "7321 NW 75th Street",
        "deal_name": "Medley, FL - 7321 NW 75th Street - Listing 25",
        "record_type": "Lease",
        "asking_price": "",
        "lease_rate": "14.95",
        "listing_effective_date": "7/11/2025",
        "listing_expiration_date": "7/10/2026",
        "square_footage": "119008",
        "acreage": "4.41",
        "lease_square_footage": ""
      },
      "geometry": {
        "type": "Point",
        "coordinates": [
          -80.317323,
          25.842095
        ]
      }
    },
    {
      "type": "Feature",
      "properties": {
        "Owner": "Michael Torsiello",
        "Property": "Swedesboro, NJ - 313 Church Street - Listing 26",
        "Deal: Deal Name": "Swedesboro, NJ - 313 Church Street - Listing 26",
        "Deal: Record Type": "Sale",
        "Asking Price": "",
        "Lease Rate": "",
        "Listing Effective Date": "6/18/2026",
        "Listing Expiration Date": "12/17/2026",
        "Square Footage": "67000",
        "Acreage": "4.1900000000000004",
        "Lease Square Footage": "",
        "broker_name": "Michael Torsiello",
        "broker_email": "mtorsiello@binswanger.com",
        "address": "313 Church Street, Swedesboro, NJ",
        "city_state": "Swedesboro, NJ",
        "street_address": "313 Church Street",
        "deal_name": "Swedesboro, NJ - 313 Church Street - Listing 26",
        "record_type": "Sale",
        "asking_price": "",
        "lease_rate": "",
        "listing_effective_date": "6/18/2026",
        "listing_expiration_date": "12/17/2026",
        "square_footage": "67000",
        "acreage": "4.1900000000000004",
        "lease_square_footage": ""
      },
      "geometry": {
        "type": "Point",
        "coordinates": [
          -75.309789,
          39.753539
        ]
      }
    },
    {
      "type": "Feature",
      "properties": {
        "Owner": "Chris Pennington",
        "Property": "Philadelphia, PA - 3200 South 70th Street - Listing 26",
        "Deal: Deal Name": "Philadelphia, PA - 3200 South 70th Street - Listing 26",
        "Deal: Record Type": "Sale",
        "Asking Price": "",
        "Lease Rate": "",
        "Listing Effective Date": "6/17/2026",
        "Listing Expiration Date": "7/30/2027",
        "Square Footage": "4879",
        "Acreage": "4.04",
        "Lease Square Footage": "",
        "broker_name": "Chris Pennington",
        "broker_email": "Cpennington@binswanger.com",
        "address": "3200 South 70th Street, Philadelphia, PA",
        "city_state": "Philadelphia, PA",
        "street_address": "3200 South 70th Street",
        "deal_name": "Philadelphia, PA - 3200 South 70th Street - Listing 26",
        "record_type": "Sale",
        "asking_price": "",
        "lease_rate": "",
        "listing_effective_date": "6/17/2026",
        "listing_expiration_date": "7/30/2027",
        "square_footage": "4879",
        "acreage": "4.04",
        "lease_square_footage": ""
      },
      "geometry": {
        "type": "Point",
        "coordinates": [
          -75.228262,
          39.906428
        ]
      }
    },
    {
      "type": "Feature",
      "properties": {
        "Owner": "Michael Torsiello",
        "Property": "Bellmawr, NJ - 960 Creek Road - Listing 26",
        "Deal: Deal Name": "Bellmawr, NJ - 960 Creek Road - Listing 26",
        "Deal: Record Type": "Lease",
        "Asking Price": "",
        "Lease Rate": "",
        "Listing Effective Date": "2/12/2026",
        "Listing Expiration Date": "2/11/2027",
        "Square Footage": "22000",
        "Acreage": "4",
        "Lease Square Footage": "",
        "broker_name": "Michael Torsiello",
        "broker_email": "mtorsiello@binswanger.com",
        "address": "960 Creek Road, Bellmawr, NJ",
        "city_state": "Bellmawr, NJ",
        "street_address": "960 Creek Road",
        "deal_name": "Bellmawr, NJ - 960 Creek Road - Listing 26",
        "record_type": "Lease",
        "asking_price": "",
        "lease_rate": "",
        "listing_effective_date": "2/12/2026",
        "listing_expiration_date": "2/11/2027",
        "square_footage": "22000",
        "acreage": "4",
        "lease_square_footage": ""
      },
      "geometry": {
        "type": "Point",
        "coordinates": [
          -75.116042,
          39.867843
        ]
      }
    },
    {
      "type": "Feature",
      "properties": {
        "Owner": "Jonathan Elkins",
        "Property": "New Hartford, CT - 8 Wickett Street - Listing 25",
        "Deal: Deal Name": "New Hartford, CT - 8 Wickett Street - Listing 25",
        "Deal: Record Type": "Sale",
        "Asking Price": "",
        "Lease Rate": "",
        "Listing Effective Date": "9/9/2025",
        "Listing Expiration Date": "3/8/2027",
        "Square Footage": "55026",
        "Acreage": "4",
        "Lease Square Footage": "",
        "broker_name": "Jonathan Elkins",
        "broker_email": "JElkins@binswanger.com",
        "address": "8 Wickett Street, New Hartford, CT",
        "city_state": "New Hartford, CT",
        "street_address": "8 Wickett Street",
        "deal_name": "New Hartford, CT - 8 Wickett Street - Listing 25",
        "record_type": "Sale",
        "asking_price": "",
        "lease_rate": "",
        "listing_effective_date": "9/9/2025",
        "listing_expiration_date": "3/8/2027",
        "square_footage": "55026",
        "acreage": "4",
        "lease_square_footage": ""
      },
      "geometry": {
        "type": "Point",
        "coordinates": [
          -72.965046,
          41.87492
        ]
      }
    },
    {
      "type": "Feature",
      "properties": {
        "Owner": "Matt Corrigan",
        "Property": "Warminster, PA - 1537 Campus Drive - Listing 26",
        "Deal: Deal Name": "Warminster, PA - 1537 Campus Drive - Listing 26",
        "Deal: Record Type": "Lease",
        "Asking Price": "",
        "Lease Rate": "",
        "Listing Effective Date": "8/21/2026",
        "Listing Expiration Date": "8/20/2027",
        "Square Footage": "24400",
        "Acreage": "3.72",
        "Lease Square Footage": "",
        "broker_name": "Matt Corrigan",
        "broker_email": "MCorrigan@binswanger.com",
        "address": "1537 Campus Drive, Warminster, PA",
        "city_state": "Warminster, PA",
        "street_address": "1537 Campus Drive",
        "deal_name": "Warminster, PA - 1537 Campus Drive - Listing 26",
        "record_type": "Lease",
        "asking_price": "",
        "lease_rate": "",
        "listing_effective_date": "8/21/2026",
        "listing_expiration_date": "8/20/2027",
        "square_footage": "24400",
        "acreage": "3.72",
        "lease_square_footage": ""
      },
      "geometry": {
        "type": "Point",
        "coordinates": [
          -75.079467,
          40.224046
        ]
      }
    },
    {
      "type": "Feature",
      "properties": {
        "Owner": "Nicholas Maras",
        "Property": "Bristol, PA - 2705 Old Rodgers Road - Listing 26",
        "Deal: Deal Name": "Bristol, PA - 2705 Old Rodgers Road - Listing 26",
        "Deal: Record Type": "Lease",
        "Asking Price": "",
        "Lease Rate": "",
        "Listing Effective Date": "7/9/2026",
        "Listing Expiration Date": "1/8/2027",
        "Square Footage": "9800",
        "Acreage": "3.7",
        "Lease Square Footage": "",
        "broker_name": "Nicholas Maras",
        "broker_email": "NMaras@binswanger.com",
        "address": "2705 Old Rodgers Road, Bristol, PA",
        "city_state": "Bristol, PA",
        "street_address": "2705 Old Rodgers Road",
        "deal_name": "Bristol, PA - 2705 Old Rodgers Road - Listing 26",
        "record_type": "Lease",
        "asking_price": "",
        "lease_rate": "",
        "listing_effective_date": "7/9/2026",
        "listing_expiration_date": "1/8/2027",
        "square_footage": "9800",
        "acreage": "3.7",
        "lease_square_footage": ""
      },
      "geometry": {
        "type": "Point",
        "coordinates": [
          -74.877755,
          40.12037
        ]
      }
    },
    {
      "type": "Feature",
      "properties": {
        "Owner": "Michael Torsiello",
        "Property": "Hamilton, NJ - 14-16 Thomas J. Rhodes Drive - Listing 26",
        "Deal: Deal Name": "Hamilton, NJ - 14-16 Thomas J. Rhodes Drive - Listing 26",
        "Deal: Record Type": "Lease",
        "Asking Price": "",
        "Lease Rate": "",
        "Listing Effective Date": "6/11/2026",
        "Listing Expiration Date": "12/10/2026",
        "Square Footage": "45878",
        "Acreage": "3.62",
        "Lease Square Footage": "",
        "broker_name": "Michael Torsiello",
        "broker_email": "mtorsiello@binswanger.com",
        "address": "14-16 Thomas J. Rhodes Drive, Hamilton, NJ",
        "city_state": "Hamilton, NJ",
        "street_address": "14-16 Thomas J. Rhodes Drive",
        "deal_name": "Hamilton, NJ - 14-16 Thomas J. Rhodes Drive - Listing 26",
        "record_type": "Lease",
        "asking_price": "",
        "lease_rate": "",
        "listing_effective_date": "6/11/2026",
        "listing_expiration_date": "12/10/2026",
        "square_footage": "45878",
        "acreage": "3.62",
        "lease_square_footage": ""
      },
      "geometry": {
        "type": "Point",
        "coordinates": [
          -74.683886,
          40.261187
        ]
      }
    },
    {
      "type": "Feature",
      "properties": {
        "Owner": "Chris Pennington",
        "Property": "Philadelphia, PA - 3145 Grays Ferry Avenue - Listing 26",
        "Deal: Deal Name": "Philadelphia, PA - 3145 Grays Ferry Avenue - Listing 26",
        "Deal: Record Type": "Sale",
        "Asking Price": "",
        "Lease Rate": "",
        "Listing Effective Date": "7/30/2026",
        "Listing Expiration Date": "1/29/2027",
        "Square Footage": "",
        "Acreage": "3.54",
        "Lease Square Footage": "",
        "broker_name": "Chris Pennington",
        "broker_email": "Cpennington@binswanger.com",
        "address": "3145 Grays Ferry Avenue, Philadelphia, PA",
        "city_state": "Philadelphia, PA",
        "street_address": "3145 Grays Ferry Avenue",
        "deal_name": "Philadelphia, PA - 3145 Grays Ferry Avenue - Listing 26",
        "record_type": "Sale",
        "asking_price": "",
        "lease_rate": "",
        "listing_effective_date": "7/30/2026",
        "listing_expiration_date": "1/29/2027",
        "square_footage": "",
        "acreage": "3.54",
        "lease_square_footage": ""
      },
      "geometry": {
        "type": "Point",
        "coordinates": [
          -75.19669,
          39.93989
        ]
      }
    },
    {
      "type": "Feature",
      "properties": {
        "Owner": "Nicholas Maras",
        "Property": "Marcus Hook, PA - 650 Penn Street - Listing 26",
        "Deal: Deal Name": "Marcus Hook, PA - 650 Penn Street - Listing 26",
        "Deal: Record Type": "Sale",
        "Asking Price": "2800000",
        "Lease Rate": "",
        "Listing Effective Date": "7/1/2026",
        "Listing Expiration Date": "12/31/2026",
        "Square Footage": "",
        "Acreage": "3.42",
        "Lease Square Footage": "",
        "broker_name": "Nicholas Maras",
        "broker_email": "NMaras@binswanger.com",
        "address": "650 Penn Street, Marcus Hook, PA",
        "city_state": "Marcus Hook, PA",
        "street_address": "650 Penn Street",
        "deal_name": "Marcus Hook, PA - 650 Penn Street - Listing 26",
        "record_type": "Sale",
        "asking_price": "2800000",
        "lease_rate": "",
        "listing_effective_date": "7/1/2026",
        "listing_expiration_date": "12/31/2026",
        "square_footage": "",
        "acreage": "3.42",
        "lease_square_footage": ""
      },
      "geometry": {
        "type": "Point",
        "coordinates": [
          -75.411463,
          39.818084
        ]
      }
    },
    {
      "type": "Feature",
      "properties": {
        "Owner": "Michael Torsiello",
        "Property": "Royersford, PA - 18 Railroad Street - Listing 26",
        "Deal: Deal Name": "Royersford, PA - 18 Railroad Street - Listing 26",
        "Deal: Record Type": "Sale",
        "Asking Price": "",
        "Lease Rate": "",
        "Listing Effective Date": "6/18/2026",
        "Listing Expiration Date": "12/17/2026",
        "Square Footage": "81322",
        "Acreage": "3.22",
        "Lease Square Footage": "",
        "broker_name": "Michael Torsiello",
        "broker_email": "mtorsiello@binswanger.com",
        "address": "18 Railroad Street, Royersford, PA",
        "city_state": "Royersford, PA",
        "street_address": "18 Railroad Street",
        "deal_name": "Royersford, PA - 18 Railroad Street - Listing 26",
        "record_type": "Sale",
        "asking_price": "",
        "lease_rate": "",
        "listing_effective_date": "6/18/2026",
        "listing_expiration_date": "12/17/2026",
        "square_footage": "81322",
        "acreage": "3.22",
        "lease_square_footage": ""
      },
      "geometry": {
        "type": "Point",
        "coordinates": [
          -75.567648,
          40.210194
        ]
      }
    },
    {
      "type": "Feature",
      "properties": {
        "Owner": "Chris Pennington",
        "Property": "Bethlehem, PA - 330 Stoke Park Road - Listing 25",
        "Deal: Deal Name": "Bethlehem, PA - 330 Stoke Park Road - Listing 25",
        "Deal: Record Type": "Sale",
        "Asking Price": "4500000",
        "Lease Rate": "",
        "Listing Effective Date": "7/31/2025",
        "Listing Expiration Date": "7/30/2026",
        "Square Footage": "20682",
        "Acreage": "3.13",
        "Lease Square Footage": "",
        "broker_name": "Chris Pennington",
        "broker_email": "Cpennington@binswanger.com",
        "address": "330 Stoke Park Road, Bethlehem, PA",
        "city_state": "Bethlehem, PA",
        "street_address": "330 Stoke Park Road",
        "deal_name": "Bethlehem, PA - 330 Stoke Park Road - Listing 25",
        "record_type": "Sale",
        "asking_price": "4500000",
        "lease_rate": "",
        "listing_effective_date": "7/31/2025",
        "listing_expiration_date": "7/30/2026",
        "square_footage": "20682",
        "acreage": "3.13",
        "lease_square_footage": ""
      },
      "geometry": {
        "type": "Point",
        "coordinates": [
          -75.389989,
          40.6616
        ]
      }
    },
    {
      "type": "Feature",
      "properties": {
        "Owner": "Nicholas Giganti",
        "Property": "New Castle, DE - 317 Old State Road - Listing 26",
        "Deal: Deal Name": "New Castle, DE - 317 Old State Road - Listing 26",
        "Deal: Record Type": "Sale",
        "Asking Price": "1500000",
        "Lease Rate": "",
        "Listing Effective Date": "8/24/2026",
        "Listing Expiration Date": "2/23/2027",
        "Square Footage": "",
        "Acreage": "3.13",
        "Lease Square Footage": "",
        "broker_name": "Nicholas Giganti",
        "broker_email": "ngiganti@binswanger.com",
        "address": "317 Old State Road, New Castle, DE",
        "city_state": "New Castle, DE",
        "street_address": "317 Old State Road",
        "deal_name": "New Castle, DE - 317 Old State Road - Listing 26",
        "record_type": "Sale",
        "asking_price": "1500000",
        "lease_rate": "",
        "listing_effective_date": "8/24/2026",
        "listing_expiration_date": "2/23/2027",
        "square_footage": "",
        "acreage": "3.13",
        "lease_square_footage": ""
      },
      "geometry": {
        "type": "Point",
        "coordinates": [
          -75.622871,
          39.649838
        ]
      }
    },
    {
      "type": "Feature",
      "properties": {
        "Owner": "Chad Ackerley",
        "Property": "Apache Junction, AZ - 870 West Apache Trail - Listing 26",
        "Deal: Deal Name": "Apache Junction, AZ - 870 West Apache Trail - Listing 26",
        "Deal: Record Type": "Sale",
        "Asking Price": "3850000",
        "Lease Rate": "",
        "Listing Effective Date": "6/15/2026",
        "Listing Expiration Date": "12/14/2026",
        "Square Footage": "13516",
        "Acreage": "3.1",
        "Lease Square Footage": "",
        "broker_name": "Chad Ackerley",
        "broker_email": "cackerley@binswanger.com",
        "address": "870 West Apache Trail, Apache Junction, AZ",
        "city_state": "Apache Junction, AZ",
        "street_address": "870 West Apache Trail",
        "deal_name": "Apache Junction, AZ - 870 West Apache Trail - Listing 26",
        "record_type": "Sale",
        "asking_price": "3850000",
        "lease_rate": "",
        "listing_effective_date": "6/15/2026",
        "listing_expiration_date": "12/14/2026",
        "square_footage": "13516",
        "acreage": "3.1",
        "lease_square_footage": ""
      },
      "geometry": {
        "type": "Point",
        "coordinates": [
          -111.555336,
          33.41643
        ]
      }
    },
    {
      "type": "Feature",
      "properties": {
        "Owner": "Chris Pennington",
        "Property": "Philadelphia, PA - 265-99 W Berks Street & 272 W Norris Street - Listing 26",
        "Deal: Deal Name": "Philadelphia, PA - 265-99 W Berks Street & 272 W Norris Street - Listing 26",
        "Deal: Record Type": "Sale",
        "Asking Price": "10500000",
        "Lease Rate": "",
        "Listing Effective Date": "7/16/2026",
        "Listing Expiration Date": "7/15/2027",
        "Square Footage": "6067",
        "Acreage": "3.02",
        "Lease Square Footage": "",
        "broker_name": "Chris Pennington",
        "broker_email": "Cpennington@binswanger.com",
        "address": "265-99 W Berks Street & 272 W Norris Street, Philadelphia, PA",
        "city_state": "Philadelphia, PA",
        "street_address": "265-99 W Berks Street & 272 W Norris Street",
        "deal_name": "Philadelphia, PA - 265-99 W Berks Street & 272 W Norris Street - Listing 26",
        "record_type": "Sale",
        "asking_price": "10500000",
        "lease_rate": "",
        "listing_effective_date": "7/16/2026",
        "listing_expiration_date": "7/15/2027",
        "square_footage": "6067",
        "acreage": "3.02",
        "lease_square_footage": ""
      },
      "geometry": {
        "type": "Point",
        "coordinates": [
          -75.13925,
          39.980102
        ]
      }
    },
    {
      "type": "Feature",
      "properties": {
        "Owner": "Matt Corrigan",
        "Property": "Warminster, PA - 1550 Mearns Road - Listing 26",
        "Deal: Deal Name": "Warminster, PA - 1550 Mearns Road - Listing 26",
        "Deal: Record Type": "Lease",
        "Asking Price": "",
        "Lease Rate": "",
        "Listing Effective Date": "8/21/2026",
        "Listing Expiration Date": "8/20/2027",
        "Square Footage": "2702",
        "Acreage": "2.98",
        "Lease Square Footage": "",
        "broker_name": "Matt Corrigan",
        "broker_email": "MCorrigan@binswanger.com",
        "address": "1550 Mearns Road, Warminster, PA",
        "city_state": "Warminster, PA",
        "street_address": "1550 Mearns Road",
        "deal_name": "Warminster, PA - 1550 Mearns Road - Listing 26",
        "record_type": "Lease",
        "asking_price": "",
        "lease_rate": "",
        "listing_effective_date": "8/21/2026",
        "listing_expiration_date": "8/20/2027",
        "square_footage": "2702",
        "acreage": "2.98",
        "lease_square_footage": ""
      },
      "geometry": {
        "type": "Point",
        "coordinates": [
          -75.07363,
          40.22308
        ]
      }
    },
    {
      "type": "Feature",
      "properties": {
        "Owner": "Jonathan Elkins",
        "Property": "Waterbury, CT - 122 Avenue of Industry - Listing 25",
        "Deal: Deal Name": "Waterbury, CT - 122 Avenue of Industry - Listing 25",
        "Deal: Record Type": "Sale",
        "Asking Price": "3500000",
        "Lease Rate": "",
        "Listing Effective Date": "8/27/2025",
        "Listing Expiration Date": "8/26/2026",
        "Square Footage": "39415",
        "Acreage": "2.94",
        "Lease Square Footage": "",
        "broker_name": "Jonathan Elkins",
        "broker_email": "JElkins@binswanger.com",
        "address": "122 Avenue of Industry, Waterbury, CT",
        "city_state": "Waterbury, CT",
        "street_address": "122 Avenue of Industry",
        "deal_name": "Waterbury, CT - 122 Avenue of Industry - Listing 25",
        "record_type": "Sale",
        "asking_price": "3500000",
        "lease_rate": "",
        "listing_effective_date": "8/27/2025",
        "listing_expiration_date": "8/26/2026",
        "square_footage": "39415",
        "acreage": "2.94",
        "lease_square_footage": ""
      },
      "geometry": {
        "type": "Point",
        "coordinates": [
          -72.966338,
          41.55066
        ]
      }
    },
    {
      "type": "Feature",
      "properties": {
        "Owner": "Chris Pennington",
        "Property": "Chester, PA - 800 West Front Street - Listing 25",
        "Deal: Deal Name": "Chester, PA - 800 West Front Street - Listing 25",
        "Deal: Record Type": "Sale",
        "Asking Price": "",
        "Lease Rate": "",
        "Listing Effective Date": "11/24/2025",
        "Listing Expiration Date": "8/23/2026",
        "Square Footage": "55000",
        "Acreage": "2.89",
        "Lease Square Footage": "",
        "broker_name": "Chris Pennington",
        "broker_email": "Cpennington@binswanger.com",
        "address": "800 West Front Street, Chester, PA",
        "city_state": "Chester, PA",
        "street_address": "800 West Front Street",
        "deal_name": "Chester, PA - 800 West Front Street - Listing 25",
        "record_type": "Sale",
        "asking_price": "",
        "lease_rate": "",
        "listing_effective_date": "11/24/2025",
        "listing_expiration_date": "8/23/2026",
        "square_footage": "55000",
        "acreage": "2.89",
        "lease_square_footage": ""
      },
      "geometry": {
        "type": "Point",
        "coordinates": [
          -75.370482,
          39.839489
        ]
      }
    },
    {
      "type": "Feature",
      "properties": {
        "Owner": "Jason Kramer",
        "Property": "Philadelphia, PA - 913-929 Wallace Street - Listing 25",
        "Deal: Deal Name": "Philadelphia, PA - 913-929 Wallace Street - Listing 25",
        "Deal: Record Type": "Lease",
        "Asking Price": "",
        "Lease Rate": "16",
        "Listing Effective Date": "9/23/2025",
        "Listing Expiration Date": "6/22/2026",
        "Square Footage": "35000",
        "Acreage": "2.81",
        "Lease Square Footage": "",
        "broker_name": "Jason Kramer",
        "broker_email": "jkramer@binswanger.com",
        "address": "913-929 Wallace Street, Philadelphia, PA",
        "city_state": "Philadelphia, PA",
        "street_address": "913-929 Wallace Street",
        "deal_name": "Philadelphia, PA - 913-929 Wallace Street - Listing 25",
        "record_type": "Lease",
        "asking_price": "",
        "lease_rate": "16",
        "listing_effective_date": "9/23/2025",
        "listing_expiration_date": "6/22/2026",
        "square_footage": "35000",
        "acreage": "2.81",
        "lease_square_footage": ""
      },
      "geometry": {
        "type": "Point",
        "coordinates": [
          -75.160071,
          39.965079
        ]
      }
    },
    {
      "type": "Feature",
      "properties": {
        "Owner": "Bob Corr",
        "Property": "Toms River, NJ - 1730 Hooper Avenue - Listing 25",
        "Deal: Deal Name": "Toms River, NJ - 1730 Hooper Avenue - Listing 25",
        "Deal: Record Type": "Sale",
        "Asking Price": "300000",
        "Lease Rate": "",
        "Listing Effective Date": "9/1/2025",
        "Listing Expiration Date": "8/31/2026",
        "Square Footage": "",
        "Acreage": "2.8",
        "Lease Square Footage": "",
        "broker_name": "Bob Corr",
        "broker_email": "Rcorr@binswanger.com",
        "address": "1730 Hooper Avenue, Toms River, NJ",
        "city_state": "Toms River, NJ",
        "street_address": "1730 Hooper Avenue",
        "deal_name": "Toms River, NJ - 1730 Hooper Avenue - Listing 25",
        "record_type": "Sale",
        "asking_price": "300000",
        "lease_rate": "",
        "listing_effective_date": "9/1/2025",
        "listing_expiration_date": "8/31/2026",
        "square_footage": "",
        "acreage": "2.8",
        "lease_square_footage": ""
      },
      "geometry": {
        "type": "Point",
        "coordinates": [
          -74.15209,
          40.004962
        ]
      }
    },
    {
      "type": "Feature",
      "properties": {
        "Owner": "Carson Erard",
        "Property": "Denver, CO - 11001 East 53rd Avenue- Listing 26",
        "Deal: Deal Name": "Denver, CO - 11001 East 53rd Avenue- Listing 26",
        "Deal: Record Type": "Sale",
        "Asking Price": "",
        "Lease Rate": "",
        "Listing Effective Date": "1/6/2026",
        "Listing Expiration Date": "1/5/2027",
        "Square Footage": "47898",
        "Acreage": "2.4287999999999998",
        "Lease Square Footage": "",
        "broker_name": "Carson Erard",
        "broker_email": "cerard@binswanger.com",
        "address": "11001 East 53rd Avenue- Listing 26, Denver, CO",
        "city_state": "Denver, CO",
        "street_address": "11001 East 53rd Avenue- Listing 26",
        "deal_name": "Denver, CO - 11001 East 53rd Avenue- Listing 26",
        "record_type": "Sale",
        "asking_price": "",
        "lease_rate": "",
        "listing_effective_date": "1/6/2026",
        "listing_expiration_date": "1/5/2027",
        "square_footage": "47898",
        "acreage": "2.4287999999999998",
        "lease_square_footage": ""
      },
      "geometry": {
        "type": "Point",
        "coordinates": [
          -104.85998,
          39.79344
        ]
      }
    },
    {
      "type": "Feature",
      "properties": {
        "Owner": "Chris Pennington",
        "Property": "Philadelphia, PA - 3111 Grays Ferry Avenue - Listing 25",
        "Deal: Deal Name": "Philadelphia, PA - 3111 Grays Ferry Avenue - Listing 25",
        "Deal: Record Type": "Sale",
        "Asking Price": "7500000",
        "Lease Rate": "",
        "Listing Effective Date": "9/15/2025",
        "Listing Expiration Date": "9/14/2027",
        "Square Footage": "10000",
        "Acreage": "2.36",
        "Lease Square Footage": "",
        "broker_name": "Chris Pennington",
        "broker_email": "Cpennington@binswanger.com",
        "address": "3111 Grays Ferry Avenue, Philadelphia, PA",
        "city_state": "Philadelphia, PA",
        "street_address": "3111 Grays Ferry Avenue",
        "deal_name": "Philadelphia, PA - 3111 Grays Ferry Avenue - Listing 25",
        "record_type": "Sale",
        "asking_price": "7500000",
        "lease_rate": "",
        "listing_effective_date": "9/15/2025",
        "listing_expiration_date": "9/14/2027",
        "square_footage": "10000",
        "acreage": "2.36",
        "lease_square_footage": ""
      },
      "geometry": {
        "type": "Point",
        "coordinates": [
          -75.195795,
          39.939713
        ]
      }
    },
    {
      "type": "Feature",
      "properties": {
        "Owner": "Matt Corrigan",
        "Property": "Warminster/Ivyland, PA - 120-130 Industrial Drive - Listing 26",
        "Deal: Deal Name": "Warminster/Ivyland, PA - 120-130 Industrial Drive - Listing 26",
        "Deal: Record Type": "Lease",
        "Asking Price": "",
        "Lease Rate": "",
        "Listing Effective Date": "4/27/2026",
        "Listing Expiration Date": "8/25/2026",
        "Square Footage": "24000",
        "Acreage": "2.2000000000000002",
        "Lease Square Footage": "",
        "broker_name": "Matt Corrigan",
        "broker_email": "MCorrigan@binswanger.com",
        "address": "120-130 Industrial Drive, Warminster/Ivyland, PA",
        "city_state": "Warminster/Ivyland, PA",
        "street_address": "120-130 Industrial Drive",
        "deal_name": "Warminster/Ivyland, PA - 120-130 Industrial Drive - Listing 26",
        "record_type": "Lease",
        "asking_price": "",
        "lease_rate": "",
        "listing_effective_date": "4/27/2026",
        "listing_expiration_date": "8/25/2026",
        "square_footage": "24000",
        "acreage": "2.2000000000000002",
        "lease_square_footage": ""
      },
      "geometry": {
        "type": "Point",
        "coordinates": [
          -75.058168,
          40.225112
        ]
      }
    },
    {
      "type": "Feature",
      "properties": {
        "Owner": "Chris Pennington",
        "Property": "Philadelphia, PA - 3700 Kensington Avenue - Listing 26",
        "Deal: Deal Name": "Philadelphia, PA - 3700 Kensington Avenue - Listing 26",
        "Deal: Record Type": "Sale",
        "Asking Price": "",
        "Lease Rate": "",
        "Listing Effective Date": "1/9/2026",
        "Listing Expiration Date": "1/8/2027",
        "Square Footage": "85064",
        "Acreage": "2.04",
        "Lease Square Footage": "",
        "broker_name": "Chris Pennington",
        "broker_email": "Cpennington@binswanger.com",
        "address": "3700 Kensington Avenue, Philadelphia, PA",
        "city_state": "Philadelphia, PA",
        "street_address": "3700 Kensington Avenue",
        "deal_name": "Philadelphia, PA - 3700 Kensington Avenue - Listing 26",
        "record_type": "Sale",
        "asking_price": "",
        "lease_rate": "",
        "listing_effective_date": "1/9/2026",
        "listing_expiration_date": "1/8/2027",
        "square_footage": "85064",
        "acreage": "2.04",
        "lease_square_footage": ""
      },
      "geometry": {
        "type": "Point",
        "coordinates": [
          -75.10088,
          40.003854
        ]
      }
    },
    {
      "type": "Feature",
      "properties": {
        "Owner": "Chris Pennington",
        "Property": "Philadelphia, PA - 2701 Bridge Street - Listing 25",
        "Deal: Deal Name": "Philadelphia, PA - 2701 Bridge Street - Listing 25",
        "Deal: Record Type": "Sale",
        "Asking Price": "",
        "Lease Rate": "",
        "Listing Effective Date": "6/1/2025",
        "Listing Expiration Date": "11/30/2026",
        "Square Footage": "40000",
        "Acreage": "2",
        "Lease Square Footage": "",
        "broker_name": "Chris Pennington",
        "broker_email": "Cpennington@binswanger.com",
        "address": "2701 Bridge Street, Philadelphia, PA",
        "city_state": "Philadelphia, PA",
        "street_address": "2701 Bridge Street",
        "deal_name": "Philadelphia, PA - 2701 Bridge Street - Listing 25",
        "record_type": "Sale",
        "asking_price": "",
        "lease_rate": "",
        "listing_effective_date": "6/1/2025",
        "listing_expiration_date": "11/30/2026",
        "square_footage": "40000",
        "acreage": "2",
        "lease_square_footage": ""
      },
      "geometry": {
        "type": "Point",
        "coordinates": [
          -75.065507,
          40.003459
        ]
      }
    },
    {
      "type": "Feature",
      "properties": {
        "Owner": "Matt Corrigan",
        "Property": "Warminster, PA - 125 Industrial Drive - Listing 25",
        "Deal: Deal Name": "Warminster, PA - 125 Industrial Drive - Listing 25",
        "Deal: Record Type": "Lease",
        "Asking Price": "",
        "Lease Rate": "",
        "Listing Effective Date": "9/2/2025",
        "Listing Expiration Date": "9/1/2026",
        "Square Footage": "21252",
        "Acreage": "2",
        "Lease Square Footage": "",
        "broker_name": "Matt Corrigan",
        "broker_email": "MCorrigan@binswanger.com",
        "address": "125 Industrial Drive, Warminster, PA",
        "city_state": "Warminster, PA",
        "street_address": "125 Industrial Drive",
        "deal_name": "Warminster, PA - 125 Industrial Drive - Listing 25",
        "record_type": "Lease",
        "asking_price": "",
        "lease_rate": "",
        "listing_effective_date": "9/2/2025",
        "listing_expiration_date": "9/1/2026",
        "square_footage": "21252",
        "acreage": "2",
        "lease_square_footage": ""
      },
      "geometry": {
        "type": "Point",
        "coordinates": [
          -75.061019,
          40.227376
        ]
      }
    },
    {
      "type": "Feature",
      "properties": {
        "Owner": "Matthew Fennelly",
        "Property": "South Plainfield, NJ - 3301-3393 South Clinton Ave, Bldg B - Listing 26",
        "Deal: Deal Name": "South Plainfield, NJ - 3301-3393 South Clinton Ave, Bldg B - Listing 26",
        "Deal: Record Type": "Lease",
        "Asking Price": "",
        "Lease Rate": "",
        "Listing Effective Date": "3/18/2026",
        "Listing Expiration Date": "3/17/2027",
        "Square Footage": "22000",
        "Acreage": "1.97",
        "Lease Square Footage": "",
        "broker_name": "Matthew Fennelly",
        "broker_email": "MFennelly@binswanger.com",
        "address": "3301-3393 South Clinton Ave, Bldg B, South Plainfield, NJ",
        "city_state": "South Plainfield, NJ",
        "street_address": "3301-3393 South Clinton Ave, Bldg B",
        "deal_name": "South Plainfield, NJ - 3301-3393 South Clinton Ave, Bldg B - Listing 26",
        "record_type": "Lease",
        "asking_price": "",
        "lease_rate": "",
        "listing_effective_date": "3/18/2026",
        "listing_expiration_date": "3/17/2027",
        "square_footage": "22000",
        "acreage": "1.97",
        "lease_square_footage": ""
      },
      "geometry": {
        "type": "Point",
        "coordinates": [
          -74.42885,
          40.57101
        ]
      }
    },
    {
      "type": "Feature",
      "properties": {
        "Owner": "Michael Torsiello",
        "Property": "Gloucester City, NJ - 410 Jersey Avenue - Listing 25",
        "Deal: Deal Name": "Gloucester City, NJ - 410 Jersey Avenue - Listing 25",
        "Deal: Record Type": "Lease",
        "Asking Price": "",
        "Lease Rate": "",
        "Listing Effective Date": "6/3/2025",
        "Listing Expiration Date": "12/2/2026",
        "Square Footage": "32000",
        "Acreage": "1.91",
        "Lease Square Footage": "",
        "broker_name": "Michael Torsiello",
        "broker_email": "mtorsiello@binswanger.com",
        "address": "410 Jersey Avenue, Gloucester City, NJ",
        "city_state": "Gloucester City, NJ",
        "street_address": "410 Jersey Avenue",
        "deal_name": "Gloucester City, NJ - 410 Jersey Avenue - Listing 25",
        "record_type": "Lease",
        "asking_price": "",
        "lease_rate": "",
        "listing_effective_date": "6/3/2025",
        "listing_expiration_date": "12/2/2026",
        "square_footage": "32000",
        "acreage": "1.91",
        "lease_square_footage": ""
      },
      "geometry": {
        "type": "Point",
        "coordinates": [
          -75.126716,
          39.893082
        ]
      }
    },
    {
      "type": "Feature",
      "properties": {
        "Owner": "Chris Pennington",
        "Property": "Philadelphia, PA - 1500 South Christopher Columbus Boulevard - Listing 26",
        "Deal: Deal Name": "Philadelphia, PA - 1500 South Christopher Columbus Boulevard - Listing 26",
        "Deal: Record Type": "Sale",
        "Asking Price": "",
        "Lease Rate": "",
        "Listing Effective Date": "5/18/2026",
        "Listing Expiration Date": "11/17/2026",
        "Square Footage": "40000",
        "Acreage": "1.62",
        "Lease Square Footage": "",
        "broker_name": "Chris Pennington",
        "broker_email": "Cpennington@binswanger.com",
        "address": "1500 South Christopher Columbus Boulevard, Philadelphia, PA",
        "city_state": "Philadelphia, PA",
        "street_address": "1500 South Christopher Columbus Boulevard",
        "deal_name": "Philadelphia, PA - 1500 South Christopher Columbus Boulevard - Listing 26",
        "record_type": "Sale",
        "asking_price": "",
        "lease_rate": "",
        "listing_effective_date": "5/18/2026",
        "listing_expiration_date": "11/17/2026",
        "square_footage": "40000",
        "acreage": "1.62",
        "lease_square_footage": ""
      },
      "geometry": {
        "type": "Point",
        "coordinates": [
          -75.145373,
          39.928478
        ]
      }
    },
    {
      "type": "Feature",
      "properties": {
        "Owner": "Jason Ostach",
        "Property": "Philadelphia, PA - 599 Franklin Mills Circle - Listing 26",
        "Deal: Deal Name": "Philadelphia, PA - 599 Franklin Mills Circle - Listing 26",
        "Deal: Record Type": "Sale",
        "Asking Price": "",
        "Lease Rate": "",
        "Listing Effective Date": "2/12/2026",
        "Listing Expiration Date": "2/11/2027",
        "Square Footage": "",
        "Acreage": "1.53",
        "Lease Square Footage": "",
        "broker_name": "Jason Ostach",
        "broker_email": "jostach@binswanger.com",
        "address": "599 Franklin Mills Circle, Philadelphia, PA",
        "city_state": "Philadelphia, PA",
        "street_address": "599 Franklin Mills Circle",
        "deal_name": "Philadelphia, PA - 599 Franklin Mills Circle - Listing 26",
        "record_type": "Sale",
        "asking_price": "",
        "lease_rate": "",
        "listing_effective_date": "2/12/2026",
        "listing_expiration_date": "2/11/2027",
        "square_footage": "",
        "acreage": "1.53",
        "lease_square_footage": ""
      },
      "geometry": {
        "type": "Point",
        "coordinates": [
          -74.964149,
          40.09038
        ]
      }
    },
    {
      "type": "Feature",
      "properties": {
        "Owner": "Chris Pennington",
        "Property": "Philadelphia, PA - 5140 Germantown Pike & 15 South Ashmead Place - Listing 25",
        "Deal: Deal Name": "Philadelphia, PA - 5140 Germantown Pike & 15 South Ashmead Place - Listing 25",
        "Deal: Record Type": "Sale",
        "Asking Price": "3150000",
        "Lease Rate": "",
        "Listing Effective Date": "9/12/2025",
        "Listing Expiration Date": "9/11/2026",
        "Square Footage": "20090",
        "Acreage": "1.53",
        "Lease Square Footage": "",
        "broker_name": "Chris Pennington",
        "broker_email": "Cpennington@binswanger.com",
        "address": "5140 Germantown Pike & 15 South Ashmead Place, Philadelphia, PA",
        "city_state": "Philadelphia, PA",
        "street_address": "5140 Germantown Pike & 15 South Ashmead Place",
        "deal_name": "Philadelphia, PA - 5140 Germantown Pike & 15 South Ashmead Place - Listing 25",
        "record_type": "Sale",
        "asking_price": "3150000",
        "lease_rate": "",
        "listing_effective_date": "9/12/2025",
        "listing_expiration_date": "9/11/2026",
        "square_footage": "20090",
        "acreage": "1.53",
        "lease_square_footage": ""
      },
      "geometry": {
        "type": "Point",
        "coordinates": [
          -75.16752,
          40.03088
        ]
      }
    },
    {
      "type": "Feature",
      "properties": {
        "Owner": "Chris Pennington",
        "Property": "Philadelphia, PA - 6717-21 Essington Avenue - Listing 26",
        "Deal: Deal Name": "Philadelphia, PA - 6717-21 Essington Avenue - Listing 26",
        "Deal: Record Type": "Lease",
        "Asking Price": "",
        "Lease Rate": "",
        "Listing Effective Date": "7/27/2026",
        "Listing Expiration Date": "7/26/2027",
        "Square Footage": "16913",
        "Acreage": "1.53",
        "Lease Square Footage": "",
        "broker_name": "Chris Pennington",
        "broker_email": "Cpennington@binswanger.com",
        "address": "6717-21 Essington Avenue, Philadelphia, PA",
        "city_state": "Philadelphia, PA",
        "street_address": "6717-21 Essington Avenue",
        "deal_name": "Philadelphia, PA - 6717-21 Essington Avenue - Listing 26",
        "record_type": "Lease",
        "asking_price": "",
        "lease_rate": "",
        "listing_effective_date": "7/27/2026",
        "listing_expiration_date": "7/26/2027",
        "square_footage": "16913",
        "acreage": "1.53",
        "lease_square_footage": ""
      },
      "geometry": {
        "type": "Point",
        "coordinates": [
          -75.22331,
          39.9112
        ]
      }
    },
    {
      "type": "Feature",
      "properties": {
        "Owner": "Nicholas Giganti",
        "Property": "Chester, PA - 1118 Edgmont Avenue - Listing 26",
        "Deal: Deal Name": "Chester, PA - 1118 Edgmont Avenue - Listing 26",
        "Deal: Record Type": "Sale",
        "Asking Price": "",
        "Lease Rate": "",
        "Listing Effective Date": "6/17/2026",
        "Listing Expiration Date": "6/16/2027",
        "Square Footage": "14022",
        "Acreage": "1.49",
        "Lease Square Footage": "",
        "broker_name": "Nicholas Giganti",
        "broker_email": "ngiganti@binswanger.com",
        "address": "1118 Edgmont Avenue, Chester, PA",
        "city_state": "Chester, PA",
        "street_address": "1118 Edgmont Avenue",
        "deal_name": "Chester, PA - 1118 Edgmont Avenue - Listing 26",
        "record_type": "Sale",
        "asking_price": "",
        "lease_rate": "",
        "listing_effective_date": "6/17/2026",
        "listing_expiration_date": "6/16/2027",
        "square_footage": "14022",
        "acreage": "1.49",
        "lease_square_footage": ""
      },
      "geometry": {
        "type": "Point",
        "coordinates": [
          -75.361425,
          39.855772
        ]
      }
    },
    {
      "type": "Feature",
      "properties": {
        "Owner": "Chris Pennington",
        "Property": "Philadelphia, PA - 4001 North American Street - Listing 26",
        "Deal: Deal Name": "Philadelphia, PA - 4001 North American Street - Listing 26",
        "Deal: Record Type": "Lease",
        "Asking Price": "",
        "Lease Rate": "",
        "Listing Effective Date": "1/6/2026",
        "Listing Expiration Date": "7/5/2026",
        "Square Footage": "40136",
        "Acreage": "1.48",
        "Lease Square Footage": "",
        "broker_name": "Chris Pennington",
        "broker_email": "Cpennington@binswanger.com",
        "address": "4001 North American Street, Philadelphia, PA",
        "city_state": "Philadelphia, PA",
        "street_address": "4001 North American Street",
        "deal_name": "Philadelphia, PA - 4001 North American Street - Listing 26",
        "record_type": "Lease",
        "asking_price": "",
        "lease_rate": "",
        "listing_effective_date": "1/6/2026",
        "listing_expiration_date": "7/5/2026",
        "square_footage": "40136",
        "acreage": "1.48",
        "lease_square_footage": ""
      },
      "geometry": {
        "type": "Point",
        "coordinates": [
          -75.13125,
          40.012018
        ]
      }
    },
    {
      "type": "Feature",
      "properties": {
        "Owner": "Nicholas Maras",
        "Property": "Ocean View, NJ - 40 Butter Road - Listing 26",
        "Deal: Deal Name": "Ocean View, NJ - 40 Butter Road - Listing 26",
        "Deal: Record Type": "Sale",
        "Asking Price": "350000",
        "Lease Rate": "",
        "Listing Effective Date": "7/8/2026",
        "Listing Expiration Date": "1/7/2027",
        "Square Footage": "",
        "Acreage": "1.37",
        "Lease Square Footage": "",
        "broker_name": "Nicholas Maras",
        "broker_email": "NMaras@binswanger.com",
        "address": "40 Butter Road, Ocean View, NJ",
        "city_state": "Ocean View, NJ",
        "street_address": "40 Butter Road",
        "deal_name": "Ocean View, NJ - 40 Butter Road - Listing 26",
        "record_type": "Sale",
        "asking_price": "350000",
        "lease_rate": "",
        "listing_effective_date": "7/8/2026",
        "listing_expiration_date": "1/7/2027",
        "square_footage": "",
        "acreage": "1.37",
        "lease_square_footage": ""
      },
      "geometry": {
        "type": "Point",
        "coordinates": [
          -74.67891,
          39.238651
        ]
      }
    },
    {
      "type": "Feature",
      "properties": {
        "Owner": "Bob Corr",
        "Property": "Collingdale, PA - 109 Willow Avenue - Listing 25",
        "Deal: Deal Name": "Collingdale, PA - 109 Willow Avenue - Listing 25",
        "Deal: Record Type": "Sale",
        "Asking Price": "2200000",
        "Lease Rate": "",
        "Listing Effective Date": "10/29/2025",
        "Listing Expiration Date": "10/28/2026",
        "Square Footage": "26045",
        "Acreage": "1.329",
        "Lease Square Footage": "",
        "broker_name": "Bob Corr",
        "broker_email": "Rcorr@binswanger.com",
        "address": "109 Willow Avenue, Collingdale, PA",
        "city_state": "Collingdale, PA",
        "street_address": "109 Willow Avenue",
        "deal_name": "Collingdale, PA - 109 Willow Avenue - Listing 25",
        "record_type": "Sale",
        "asking_price": "2200000",
        "lease_rate": "",
        "listing_effective_date": "10/29/2025",
        "listing_expiration_date": "10/28/2026",
        "square_footage": "26045",
        "acreage": "1.329",
        "lease_square_footage": ""
      },
      "geometry": {
        "type": "Point",
        "coordinates": [
          -75.282774,
          39.90781
        ]
      }
    },
    {
      "type": "Feature",
      "properties": {
        "Owner": "Sean Stitz",
        "Property": "Lansdale, PA - 201 Kriebel Avenue - Listing 26",
        "Deal: Deal Name": "Lansdale, PA - 201 Kriebel Avenue - Listing 26",
        "Deal: Record Type": "Lease",
        "Asking Price": "",
        "Lease Rate": "",
        "Listing Effective Date": "8/3/2026",
        "Listing Expiration Date": "8/2/2027",
        "Square Footage": "34155",
        "Acreage": "1.32",
        "Lease Square Footage": "",
        "broker_name": "Sean Stitz",
        "broker_email": "sstitz@binswanger.com",
        "address": "201 Kriebel Avenue, Lansdale, PA",
        "city_state": "Lansdale, PA",
        "street_address": "201 Kriebel Avenue",
        "deal_name": "Lansdale, PA - 201 Kriebel Avenue - Listing 26",
        "record_type": "Lease",
        "asking_price": "",
        "lease_rate": "",
        "listing_effective_date": "8/3/2026",
        "listing_expiration_date": "8/2/2027",
        "square_footage": "34155",
        "acreage": "1.32",
        "lease_square_footage": ""
      },
      "geometry": {
        "type": "Point",
        "coordinates": [
          -75.283275,
          40.23743
        ]
      }
    },
    {
      "type": "Feature",
      "properties": {
        "Owner": "Nicholas Maras",
        "Property": "Tinicum, PA - 0 Powhattan Avenue - Listing 25",
        "Deal: Deal Name": "Tinicum, PA - 0 Powhattan Avenue - Listing 25",
        "Deal: Record Type": "Sale",
        "Asking Price": "200000",
        "Lease Rate": "",
        "Listing Effective Date": "6/6/2025",
        "Listing Expiration Date": "1/8/2027",
        "Square Footage": "9000",
        "Acreage": "1.18",
        "Lease Square Footage": "",
        "broker_name": "Nicholas Maras",
        "broker_email": "NMaras@binswanger.com",
        "address": "0 Powhattan Avenue, Tinicum, PA",
        "city_state": "Tinicum, PA",
        "street_address": "0 Powhattan Avenue",
        "deal_name": "Tinicum, PA - 0 Powhattan Avenue - Listing 25",
        "record_type": "Sale",
        "asking_price": "200000",
        "lease_rate": "",
        "listing_effective_date": "6/6/2025",
        "listing_expiration_date": "1/8/2027",
        "square_footage": "9000",
        "acreage": "1.18",
        "lease_square_footage": ""
      },
      "geometry": {
        "type": "Point",
        "coordinates": [
          -75.30069,
          39.866513
        ]
      }
    },
    {
      "type": "Feature",
      "properties": {
        "Owner": "Jason Ostach",
        "Property": "Philadelphia, PA - 2066 West Hunting Park Avenue - Listing 26",
        "Deal: Deal Name": "Philadelphia, PA - 2066 West Hunting Park Avenue - Listing 26",
        "Deal: Record Type": "Sale",
        "Asking Price": "4700000",
        "Lease Rate": "",
        "Listing Effective Date": "8/3/2026",
        "Listing Expiration Date": "2/2/2027",
        "Square Footage": "68430",
        "Acreage": "1.18",
        "Lease Square Footage": "",
        "broker_name": "Jason Ostach",
        "broker_email": "jostach@binswanger.com",
        "address": "2066 West Hunting Park Avenue, Philadelphia, PA",
        "city_state": "Philadelphia, PA",
        "street_address": "2066 West Hunting Park Avenue",
        "deal_name": "Philadelphia, PA - 2066 West Hunting Park Avenue - Listing 26",
        "record_type": "Sale",
        "asking_price": "4700000",
        "lease_rate": "",
        "listing_effective_date": "8/3/2026",
        "listing_expiration_date": "2/2/2027",
        "square_footage": "68430",
        "acreage": "1.18",
        "lease_square_footage": ""
      },
      "geometry": {
        "type": "Point",
        "coordinates": [
          -75.162635,
          40.011541
        ]
      }
    },
    {
      "type": "Feature",
      "properties": {
        "Owner": "Jason Ostach",
        "Property": "Philadelphia, PA - 505 Knorr Street - Listing 26",
        "Deal: Deal Name": "Philadelphia, PA - 505 Knorr Street - Listing 26",
        "Deal: Record Type": "Lease",
        "Asking Price": "",
        "Lease Rate": "",
        "Listing Effective Date": "5/12/2026",
        "Listing Expiration Date": "11/8/2026",
        "Square Footage": "62220",
        "Acreage": "1.07",
        "Lease Square Footage": "",
        "broker_name": "Jason Ostach",
        "broker_email": "jostach@binswanger.com",
        "address": "505 Knorr Street, Philadelphia, PA",
        "city_state": "Philadelphia, PA",
        "street_address": "505 Knorr Street",
        "deal_name": "Philadelphia, PA - 505 Knorr Street - Listing 26",
        "record_type": "Lease",
        "asking_price": "",
        "lease_rate": "",
        "listing_effective_date": "5/12/2026",
        "listing_expiration_date": "11/8/2026",
        "square_footage": "62220",
        "acreage": "1.07",
        "lease_square_footage": ""
      },
      "geometry": {
        "type": "Point",
        "coordinates": [
          -75.089799,
          40.054381
        ]
      }
    },
    {
      "type": "Feature",
      "properties": {
        "Owner": "Tim Pennington",
        "Property": "Warrington, PA - 590 Kansas Road - Listing 26",
        "Deal: Deal Name": "Warrington, PA - 590 Kansas Road - Listing 26",
        "Deal: Record Type": "Sale",
        "Asking Price": "",
        "Lease Rate": "",
        "Listing Effective Date": "8/11/2026",
        "Listing Expiration Date": "8/10/2027",
        "Square Footage": "12000",
        "Acreage": "1.04",
        "Lease Square Footage": "",
        "broker_name": "Tim Pennington",
        "broker_email": "tpennington@binswanger.com",
        "address": "590 Kansas Road, Warrington, PA",
        "city_state": "Warrington, PA",
        "street_address": "590 Kansas Road",
        "deal_name": "Warrington, PA - 590 Kansas Road - Listing 26",
        "record_type": "Sale",
        "asking_price": "",
        "lease_rate": "",
        "listing_effective_date": "8/11/2026",
        "listing_expiration_date": "8/10/2027",
        "square_footage": "12000",
        "acreage": "1.04",
        "lease_square_footage": ""
      },
      "geometry": {
        "type": "Point",
        "coordinates": [
          -75.139612,
          40.22945
        ]
      }
    },
    {
      "type": "Feature",
      "properties": {
        "Owner": "Chris Pennington",
        "Property": "Philadelphia, PA - 3497 Ridge Avenue - Listing 25",
        "Deal: Deal Name": "Philadelphia, PA - 3497 Ridge Avenue - Listing 25",
        "Deal: Record Type": "Sale",
        "Asking Price": "4100000",
        "Lease Rate": "",
        "Listing Effective Date": "12/2/2025",
        "Listing Expiration Date": "12/1/2026",
        "Square Footage": "53616",
        "Acreage": "1.036",
        "Lease Square Footage": "",
        "broker_name": "Chris Pennington",
        "broker_email": "Cpennington@binswanger.com",
        "address": "3497 Ridge Avenue, Philadelphia, PA",
        "city_state": "Philadelphia, PA",
        "street_address": "3497 Ridge Avenue",
        "deal_name": "Philadelphia, PA - 3497 Ridge Avenue - Listing 25",
        "record_type": "Sale",
        "asking_price": "4100000",
        "lease_rate": "",
        "listing_effective_date": "12/2/2025",
        "listing_expiration_date": "12/1/2026",
        "square_footage": "53616",
        "acreage": "1.036",
        "lease_square_footage": ""
      },
      "geometry": {
        "type": "Point",
        "coordinates": [
          -75.187127,
          39.997847
        ]
      }
    },
    {
      "type": "Feature",
      "properties": {
        "Owner": "Tim Pennington",
        "Property": "King of Prussia, PA - 400 E DeKalb Pike - Listing 25",
        "Deal: Deal Name": "King of Prussia, PA - 400 E DeKalb Pike - Listing 25",
        "Deal: Record Type": "Sale",
        "Asking Price": "",
        "Lease Rate": "",
        "Listing Effective Date": "12/23/2025",
        "Listing Expiration Date": "6/22/2026",
        "Square Footage": "4723",
        "Acreage": "0.98",
        "Lease Square Footage": "",
        "broker_name": "Tim Pennington",
        "broker_email": "tpennington@binswanger.com",
        "address": "400 E DeKalb Pike, King of Prussia, PA",
        "city_state": "King of Prussia, PA",
        "street_address": "400 E DeKalb Pike",
        "deal_name": "King of Prussia, PA - 400 E DeKalb Pike - Listing 25",
        "record_type": "Sale",
        "asking_price": "",
        "lease_rate": "",
        "listing_effective_date": "12/23/2025",
        "listing_expiration_date": "6/22/2026",
        "square_footage": "4723",
        "acreage": "0.98",
        "lease_square_footage": ""
      },
      "geometry": {
        "type": "Point",
        "coordinates": [
          -75.35321,
          40.09886
        ]
      }
    },
    {
      "type": "Feature",
      "properties": {
        "Owner": "Chris Pennington",
        "Property": "Philadelphia, PA - 205 North Broad Street - Listing 26",
        "Deal: Deal Name": "Philadelphia, PA - 205 North Broad Street - Listing 26",
        "Deal: Record Type": "Lease",
        "Asking Price": "",
        "Lease Rate": "",
        "Listing Effective Date": "3/3/2026",
        "Listing Expiration Date": "3/2/2027",
        "Square Footage": "3700",
        "Acreage": "0.92",
        "Lease Square Footage": "",
        "broker_name": "Chris Pennington",
        "broker_email": "Cpennington@binswanger.com",
        "address": "205 North Broad Street, Philadelphia, PA",
        "city_state": "Philadelphia, PA",
        "street_address": "205 North Broad Street",
        "deal_name": "Philadelphia, PA - 205 North Broad Street - Listing 26",
        "record_type": "Lease",
        "asking_price": "",
        "lease_rate": "",
        "listing_effective_date": "3/3/2026",
        "listing_expiration_date": "3/2/2027",
        "square_footage": "3700",
        "acreage": "0.92",
        "lease_square_footage": ""
      },
      "geometry": {
        "type": "Point",
        "coordinates": [
          -75.162445,
          39.956397
        ]
      }
    },
    {
      "type": "Feature",
      "properties": {
        "Owner": "Jason Ostach",
        "Property": "Philadelphia, PA - 4647 Stenton Avenue - Listing 26",
        "Deal: Deal Name": "Philadelphia, PA - 4647 Stenton Avenue - Listing 26",
        "Deal: Record Type": "Sale",
        "Asking Price": "2100000",
        "Lease Rate": "",
        "Listing Effective Date": "8/11/2026",
        "Listing Expiration Date": "2/10/2027",
        "Square Footage": "31552",
        "Acreage": "0.9",
        "Lease Square Footage": "",
        "broker_name": "Jason Ostach",
        "broker_email": "jostach@binswanger.com",
        "address": "4647 Stenton Avenue, Philadelphia, PA",
        "city_state": "Philadelphia, PA",
        "street_address": "4647 Stenton Avenue",
        "deal_name": "Philadelphia, PA - 4647 Stenton Avenue - Listing 26",
        "record_type": "Sale",
        "asking_price": "2100000",
        "lease_rate": "",
        "listing_effective_date": "8/11/2026",
        "listing_expiration_date": "2/10/2027",
        "square_footage": "31552",
        "acreage": "0.9",
        "lease_square_footage": ""
      },
      "geometry": {
        "type": "Point",
        "coordinates": [
          -75.158832,
          40.025687
        ]
      }
    },
    {
      "type": "Feature",
      "properties": {
        "Owner": "Chris Pennington",
        "Property": "Philadelphia, PA - 8130 Roosevelt Boulevard - Listing 25",
        "Deal: Deal Name": "Philadelphia, PA - 8130 Roosevelt Boulevard - Listing 25",
        "Deal: Record Type": "Sale",
        "Asking Price": "2950000",
        "Lease Rate": "",
        "Listing Effective Date": "9/9/2025",
        "Listing Expiration Date": "9/8/2026",
        "Square Footage": "10347",
        "Acreage": "0.88",
        "Lease Square Footage": "",
        "broker_name": "Chris Pennington",
        "broker_email": "Cpennington@binswanger.com",
        "address": "8130 Roosevelt Boulevard, Philadelphia, PA",
        "city_state": "Philadelphia, PA",
        "street_address": "8130 Roosevelt Boulevard",
        "deal_name": "Philadelphia, PA - 8130 Roosevelt Boulevard - Listing 25",
        "record_type": "Sale",
        "asking_price": "2950000",
        "lease_rate": "",
        "listing_effective_date": "9/9/2025",
        "listing_expiration_date": "9/8/2026",
        "square_footage": "10347",
        "acreage": "0.88",
        "lease_square_footage": ""
      },
      "geometry": {
        "type": "Point",
        "coordinates": [
          -75.045412,
          40.059117
        ]
      }
    },
    {
      "type": "Feature",
      "properties": {
        "Owner": "Jason Ostach",
        "Property": "Levittown, PA - 8100 Route 13 - Listing 26",
        "Deal: Deal Name": "Levittown, PA - 8100 Route 13 - Listing 26",
        "Deal: Record Type": "Sale",
        "Asking Price": "1950000",
        "Lease Rate": "",
        "Listing Effective Date": "4/1/2026",
        "Listing Expiration Date": "9/30/2026",
        "Square Footage": "12273",
        "Acreage": "0.8",
        "Lease Square Footage": "",
        "broker_name": "Jason Ostach",
        "broker_email": "jostach@binswanger.com",
        "address": "8100 Route 13, Levittown, PA",
        "city_state": "Levittown, PA",
        "street_address": "8100 Route 13",
        "deal_name": "Levittown, PA - 8100 Route 13 - Listing 26",
        "record_type": "Sale",
        "asking_price": "1950000",
        "lease_rate": "",
        "listing_effective_date": "4/1/2026",
        "listing_expiration_date": "9/30/2026",
        "square_footage": "12273",
        "acreage": "0.8",
        "lease_square_footage": ""
      },
      "geometry": {
        "type": "Point",
        "coordinates": [
          -74.820281,
          40.138041
        ]
      }
    },
    {
      "type": "Feature",
      "properties": {
        "Owner": "Michael Pennington",
        "Property": "Philadelphia, PA - 8400 Enterprise Avenue - Listing 26",
        "Deal: Deal Name": "Philadelphia, PA - 8400 Enterprise Avenue - Listing 26",
        "Deal: Record Type": "Sale",
        "Asking Price": "",
        "Lease Rate": "",
        "Listing Effective Date": "6/29/2026",
        "Listing Expiration Date": "6/28/2027",
        "Square Footage": "9020",
        "Acreage": "0.79300000000000004",
        "Lease Square Footage": "",
        "broker_name": "Michael Pennington",
        "broker_email": "Mpennington@binswanger.com",
        "address": "8400 Enterprise Avenue, Philadelphia, PA",
        "city_state": "Philadelphia, PA",
        "street_address": "8400 Enterprise Avenue",
        "deal_name": "Philadelphia, PA - 8400 Enterprise Avenue - Listing 26",
        "record_type": "Sale",
        "asking_price": "",
        "lease_rate": "",
        "listing_effective_date": "6/29/2026",
        "listing_expiration_date": "6/28/2027",
        "square_footage": "9020",
        "acreage": "0.79300000000000004",
        "lease_square_footage": ""
      },
      "geometry": {
        "type": "Point",
        "coordinates": [
          -75.228088,
          39.881874
        ]
      }
    },
    {
      "type": "Feature",
      "properties": {
        "Owner": "Jason Ostach",
        "Property": "Philadelphia, PA - 1241 East Erie Avenue - Listing 26",
        "Deal: Deal Name": "Philadelphia, PA - 1241 East Erie Avenue - Listing 26",
        "Deal: Record Type": "Sale",
        "Asking Price": "3750000",
        "Lease Rate": "",
        "Listing Effective Date": "8/3/2026",
        "Listing Expiration Date": "2/2/2027",
        "Square Footage": "50126",
        "Acreage": "0.77",
        "Lease Square Footage": "",
        "broker_name": "Jason Ostach",
        "broker_email": "jostach@binswanger.com",
        "address": "1241 East Erie Avenue, Philadelphia, PA",
        "city_state": "Philadelphia, PA",
        "street_address": "1241 East Erie Avenue",
        "deal_name": "Philadelphia, PA - 1241 East Erie Avenue - Listing 26",
        "record_type": "Sale",
        "asking_price": "3750000",
        "lease_rate": "",
        "listing_effective_date": "8/3/2026",
        "listing_expiration_date": "2/2/2027",
        "square_footage": "50126",
        "acreage": "0.77",
        "lease_square_footage": ""
      },
      "geometry": {
        "type": "Point",
        "coordinates": [
          -75.104168,
          40.005836
        ]
      }
    },
    {
      "type": "Feature",
      "properties": {
        "Owner": "Bob Corr",
        "Property": "Freehold, NJ - 1 Bannard Street - Listing 25",
        "Deal: Deal Name": "Freehold, NJ - 1 Bannard Street - Listing 25",
        "Deal: Record Type": "Sale",
        "Asking Price": "",
        "Lease Rate": "",
        "Listing Effective Date": "8/1/2025",
        "Listing Expiration Date": "7/31/2026",
        "Square Footage": "",
        "Acreage": "0.76",
        "Lease Square Footage": "",
        "broker_name": "Bob Corr",
        "broker_email": "Rcorr@binswanger.com",
        "address": "1 Bannard Street, Freehold, NJ",
        "city_state": "Freehold, NJ",
        "street_address": "1 Bannard Street",
        "deal_name": "Freehold, NJ - 1 Bannard Street - Listing 25",
        "record_type": "Sale",
        "asking_price": "",
        "lease_rate": "",
        "listing_effective_date": "8/1/2025",
        "listing_expiration_date": "7/31/2026",
        "square_footage": "",
        "acreage": "0.76",
        "lease_square_footage": ""
      },
      "geometry": {
        "type": "Point",
        "coordinates": [
          -74.282186,
          40.262923
        ]
      }
    },
    {
      "type": "Feature",
      "properties": {
        "Owner": "Jason Ostach",
        "Property": "Philadelphia, PA - 1901 West Tioga Street - Listing 26",
        "Deal: Deal Name": "Philadelphia, PA - 1901 West Tioga Street - Listing 26",
        "Deal: Record Type": "Sale",
        "Asking Price": "1500000",
        "Lease Rate": "",
        "Listing Effective Date": "8/3/2026",
        "Listing Expiration Date": "2/2/2027",
        "Square Footage": "37183",
        "Acreage": "0.75",
        "Lease Square Footage": "",
        "broker_name": "Jason Ostach",
        "broker_email": "jostach@binswanger.com",
        "address": "1901 West Tioga Street, Philadelphia, PA",
        "city_state": "Philadelphia, PA",
        "street_address": "1901 West Tioga Street",
        "deal_name": "Philadelphia, PA - 1901 West Tioga Street - Listing 26",
        "record_type": "Sale",
        "asking_price": "1500000",
        "lease_rate": "",
        "listing_effective_date": "8/3/2026",
        "listing_expiration_date": "2/2/2027",
        "square_footage": "37183",
        "acreage": "0.75",
        "lease_square_footage": ""
      },
      "geometry": {
        "type": "Point",
        "coordinates": [
          -75.160024,
          40.007534
        ]
      }
    },
    {
      "type": "Feature",
      "properties": {
        "Owner": "Chris Pennington",
        "Property": "Philadelphia, PA - 1530 South Christopher Columbus Boulevard - Listing 26",
        "Deal: Deal Name": "Philadelphia, PA - 1530 South Christopher Columbus Boulevard - Listing 26",
        "Deal: Record Type": "Sale",
        "Asking Price": "",
        "Lease Rate": "",
        "Listing Effective Date": "2/12/2026",
        "Listing Expiration Date": "8/11/2026",
        "Square Footage": "6235",
        "Acreage": "0.63",
        "Lease Square Footage": "",
        "broker_name": "Chris Pennington",
        "broker_email": "Cpennington@binswanger.com",
        "address": "1530 South Christopher Columbus Boulevard, Philadelphia, PA",
        "city_state": "Philadelphia, PA",
        "street_address": "1530 South Christopher Columbus Boulevard",
        "deal_name": "Philadelphia, PA - 1530 South Christopher Columbus Boulevard - Listing 26",
        "record_type": "Sale",
        "asking_price": "",
        "lease_rate": "",
        "listing_effective_date": "2/12/2026",
        "listing_expiration_date": "8/11/2026",
        "square_footage": "6235",
        "acreage": "0.63",
        "lease_square_footage": ""
      },
      "geometry": {
        "type": "Point",
        "coordinates": [
          -75.145587,
          39.927721
        ]
      }
    },
    {
      "type": "Feature",
      "properties": {
        "Owner": "Nicholas Giganti",
        "Property": "Philadelphia, PA - 1701 Germantown Avenue - Listing 26",
        "Deal: Deal Name": "Philadelphia, PA - 1701 Germantown Avenue - Listing 26",
        "Deal: Record Type": "Sale",
        "Asking Price": "3499000",
        "Lease Rate": "",
        "Listing Effective Date": "5/4/2026",
        "Listing Expiration Date": "11/3/2026",
        "Square Footage": "12213",
        "Acreage": "0.63",
        "Lease Square Footage": "",
        "broker_name": "Nicholas Giganti",
        "broker_email": "ngiganti@binswanger.com",
        "address": "1701 Germantown Avenue, Philadelphia, PA",
        "city_state": "Philadelphia, PA",
        "street_address": "1701 Germantown Avenue",
        "deal_name": "Philadelphia, PA - 1701 Germantown Avenue - Listing 26",
        "record_type": "Sale",
        "asking_price": "3499000",
        "lease_rate": "",
        "listing_effective_date": "5/4/2026",
        "listing_expiration_date": "11/3/2026",
        "square_footage": "12213",
        "acreage": "0.63",
        "lease_square_footage": ""
      },
      "geometry": {
        "type": "Point",
        "coordinates": [
          -75.142069,
          39.976874
        ]
      }
    },
    {
      "type": "Feature",
      "properties": {
        "Owner": "Tim Pennington",
        "Property": "King of Prussia, PA - 211 Boro Line Road - Listing 25",
        "Deal: Deal Name": "King of Prussia, PA - 211 Boro Line Road - Listing 25",
        "Deal: Record Type": "Sale",
        "Asking Price": "",
        "Lease Rate": "",
        "Listing Effective Date": "12/4/2025",
        "Listing Expiration Date": "12/3/2026",
        "Square Footage": "8070",
        "Acreage": "0.62",
        "Lease Square Footage": "",
        "broker_name": "Tim Pennington",
        "broker_email": "tpennington@binswanger.com",
        "address": "211 Boro Line Road, King of Prussia, PA",
        "city_state": "King of Prussia, PA",
        "street_address": "211 Boro Line Road",
        "deal_name": "King of Prussia, PA - 211 Boro Line Road - Listing 25",
        "record_type": "Sale",
        "asking_price": "",
        "lease_rate": "",
        "listing_effective_date": "12/4/2025",
        "listing_expiration_date": "12/3/2026",
        "square_footage": "8070",
        "acreage": "0.62",
        "lease_square_footage": ""
      },
      "geometry": {
        "type": "Point",
        "coordinates": [
          -75.35295,
          40.099895
        ]
      }
    },
    {
      "type": "Feature",
      "properties": {
        "Owner": "Chris Pennington",
        "Property": "Philadelphia, PA - 2221 East Clearfield Street - Listing 26",
        "Deal: Deal Name": "Philadelphia, PA - 2221 East Clearfield Street - Listing 26",
        "Deal: Record Type": "Sale",
        "Asking Price": "2400000",
        "Lease Rate": "",
        "Listing Effective Date": "8/12/2026",
        "Listing Expiration Date": "8/11/2027",
        "Square Footage": "32815",
        "Acreage": "0.6",
        "Lease Square Footage": "",
        "broker_name": "Chris Pennington",
        "broker_email": "Cpennington@binswanger.com",
        "address": "2221 East Clearfield Street, Philadelphia, PA",
        "city_state": "Philadelphia, PA",
        "street_address": "2221 East Clearfield Street",
        "deal_name": "Philadelphia, PA - 2221 East Clearfield Street - Listing 26",
        "record_type": "Sale",
        "asking_price": "2400000",
        "lease_rate": "",
        "listing_effective_date": "8/12/2026",
        "listing_expiration_date": "8/11/2027",
        "square_footage": "32815",
        "acreage": "0.6",
        "lease_square_footage": ""
      },
      "geometry": {
        "type": "Point",
        "coordinates": [
          -75.110172,
          39.989533
        ]
      }
    },
    {
      "type": "Feature",
      "properties": {
        "Owner": "Nicholas Maras",
        "Property": "Tinicum, PA - 218 Putcan Avenue - Listing 25",
        "Deal: Deal Name": "Tinicum, PA - 218 Putcan Avenue - Listing 25",
        "Deal: Record Type": "Lease",
        "Asking Price": "1375800",
        "Lease Rate": "11",
        "Listing Effective Date": "6/6/2025",
        "Listing Expiration Date": "1/8/2027",
        "Square Footage": "9172",
        "Acreage": "0.56999999999999995",
        "Lease Square Footage": "",
        "broker_name": "Nicholas Maras",
        "broker_email": "NMaras@binswanger.com",
        "address": "218 Putcan Avenue, Tinicum, PA",
        "city_state": "Tinicum, PA",
        "street_address": "218 Putcan Avenue",
        "deal_name": "Tinicum, PA - 218 Putcan Avenue - Listing 25",
        "record_type": "Lease",
        "asking_price": "1375800",
        "lease_rate": "11",
        "listing_effective_date": "6/6/2025",
        "listing_expiration_date": "1/8/2027",
        "square_footage": "9172",
        "acreage": "0.56999999999999995",
        "lease_square_footage": ""
      },
      "geometry": {
        "type": "Point",
        "coordinates": [
          -75.292753,
          39.862963
        ]
      }
    },
    {
      "type": "Feature",
      "properties": {
        "Owner": "Chris Pennington",
        "Property": "Philadelphia, PA - 1540 Hamilton Street - Listing 26",
        "Deal: Deal Name": "Philadelphia, PA - 1540 Hamilton Street - Listing 26",
        "Deal: Record Type": "Sale",
        "Asking Price": "",
        "Lease Rate": "",
        "Listing Effective Date": "3/19/2026",
        "Listing Expiration Date": "7/18/2026",
        "Square Footage": "",
        "Acreage": "0.53",
        "Lease Square Footage": "",
        "broker_name": "Chris Pennington",
        "broker_email": "Cpennington@binswanger.com",
        "address": "1540 Hamilton Street, Philadelphia, PA",
        "city_state": "Philadelphia, PA",
        "street_address": "1540 Hamilton Street",
        "deal_name": "Philadelphia, PA - 1540 Hamilton Street - Listing 26",
        "record_type": "Sale",
        "asking_price": "",
        "lease_rate": "",
        "listing_effective_date": "3/19/2026",
        "listing_expiration_date": "7/18/2026",
        "square_footage": "",
        "acreage": "0.53",
        "lease_square_footage": ""
      },
      "geometry": {
        "type": "Point",
        "coordinates": [
          -75.16479,
          39.961063
        ]
      }
    },
    {
      "type": "Feature",
      "properties": {
        "Owner": "Chris Pennington",
        "Property": "Philadelphia, PA - 2111-41 East Rush Street - Listing 26",
        "Deal: Deal Name": "Philadelphia, PA - 2111-41 East Rush Street - Listing 26",
        "Deal: Record Type": "Sale",
        "Asking Price": "3000000",
        "Lease Rate": "",
        "Listing Effective Date": "9/9/2026",
        "Listing Expiration Date": "9/8/2027",
        "Square Footage": "32096",
        "Acreage": "0.52",
        "Lease Square Footage": "",
        "broker_name": "Chris Pennington",
        "broker_email": "Cpennington@binswanger.com",
        "address": "2111-41 East Rush Street, Philadelphia, PA",
        "city_state": "Philadelphia, PA",
        "street_address": "2111-41 East Rush Street",
        "deal_name": "Philadelphia, PA - 2111-41 East Rush Street - Listing 26",
        "record_type": "Sale",
        "asking_price": "3000000",
        "lease_rate": "",
        "listing_effective_date": "9/9/2026",
        "listing_expiration_date": "9/8/2027",
        "square_footage": "32096",
        "acreage": "0.52",
        "lease_square_footage": ""
      },
      "geometry": {
        "type": "Point",
        "coordinates": [
          -75.11778,
          39.98739
        ]
      }
    },
    {
      "type": "Feature",
      "properties": {
        "Owner": "Doug Kelly",
        "Property": "East Norriton, PA - 342 West Germantown Pike - Listing 26",
        "Deal: Deal Name": "East Norriton, PA - 342 West Germantown Pike - Listing 26",
        "Deal: Record Type": "Lease",
        "Asking Price": "",
        "Lease Rate": "",
        "Listing Effective Date": "5/6/2026",
        "Listing Expiration Date": "5/5/2027",
        "Square Footage": "15837",
        "Acreage": "0.5",
        "Lease Square Footage": "",
        "broker_name": "Doug Kelly",
        "broker_email": "dkelly@binswanger.com",
        "address": "342 West Germantown Pike, East Norriton, PA",
        "city_state": "East Norriton, PA",
        "street_address": "342 West Germantown Pike",
        "deal_name": "East Norriton, PA - 342 West Germantown Pike - Listing 26",
        "record_type": "Lease",
        "asking_price": "",
        "lease_rate": "",
        "listing_effective_date": "5/6/2026",
        "listing_expiration_date": "5/5/2027",
        "square_footage": "15837",
        "acreage": "0.5",
        "lease_square_footage": ""
      },
      "geometry": {
        "type": "Point",
        "coordinates": [
          -75.33178,
          40.14806
        ]
      }
    },
    {
      "type": "Feature",
      "properties": {
        "Owner": "Chris Pennington",
        "Property": "Philadelphia, PA - 3720 Jasper Street - Listing 26",
        "Deal: Deal Name": "Philadelphia, PA - 3720 Jasper Street - Listing 26",
        "Deal: Record Type": "Lease",
        "Asking Price": "",
        "Lease Rate": "",
        "Listing Effective Date": "4/6/2026",
        "Listing Expiration Date": "10/5/2026",
        "Square Footage": "9000",
        "Acreage": "0.5",
        "Lease Square Footage": "",
        "broker_name": "Chris Pennington",
        "broker_email": "Cpennington@binswanger.com",
        "address": "3720 Jasper Street, Philadelphia, PA",
        "city_state": "Philadelphia, PA",
        "street_address": "3720 Jasper Street",
        "deal_name": "Philadelphia, PA - 3720 Jasper Street - Listing 26",
        "record_type": "Lease",
        "asking_price": "",
        "lease_rate": "",
        "listing_effective_date": "4/6/2026",
        "listing_expiration_date": "10/5/2026",
        "square_footage": "9000",
        "acreage": "0.5",
        "lease_square_footage": ""
      },
      "geometry": {
        "type": "Point",
        "coordinates": [
          -75.099099,
          40.003225
        ]
      }
    },
    {
      "type": "Feature",
      "properties": {
        "Owner": "Chris Pennington",
        "Property": "Philadelphia, PA - 3108, 3110 and 3112-3130 East Thompson Street - Listing 26",
        "Deal: Deal Name": "Philadelphia, PA - 3108, 3110 and 3112-3130 East Thompson Street - Listing 26",
        "Deal: Record Type": "Sale",
        "Asking Price": "2800000",
        "Lease Rate": "",
        "Listing Effective Date": "5/26/2026",
        "Listing Expiration Date": "11/25/2026",
        "Square Footage": "39204",
        "Acreage": "0.47",
        "Lease Square Footage": "",
        "broker_name": "Chris Pennington",
        "broker_email": "Cpennington@binswanger.com",
        "address": "3108, 3110 and 3112-3130 East Thompson Street, Philadelphia, PA",
        "city_state": "Philadelphia, PA",
        "street_address": "3108, 3110 and 3112-3130 East Thompson Street",
        "deal_name": "Philadelphia, PA - 3108, 3110 and 3112-3130 East Thompson Street - Listing 26",
        "record_type": "Sale",
        "asking_price": "2800000",
        "lease_rate": "",
        "listing_effective_date": "5/26/2026",
        "listing_expiration_date": "11/25/2026",
        "square_footage": "39204",
        "acreage": "0.47",
        "lease_square_footage": ""
      },
      "geometry": {
        "type": "Point",
        "coordinates": [
          -75.074588,
          39.999568
        ]
      }
    },
    {
      "type": "Feature",
      "properties": {
        "Owner": "Chris Pennington",
        "Property": "Philadelphia, PA - 490 North Broad Street - Listing 26",
        "Deal: Deal Name": "Philadelphia, PA - 490 North Broad Street - Listing 26",
        "Deal: Record Type": "Sale",
        "Asking Price": "",
        "Lease Rate": "",
        "Listing Effective Date": "7/9/2026",
        "Listing Expiration Date": "1/8/2027",
        "Square Footage": "28262",
        "Acreage": "0.46",
        "Lease Square Footage": "",
        "broker_name": "Chris Pennington",
        "broker_email": "Cpennington@binswanger.com",
        "address": "490 North Broad Street, Philadelphia, PA",
        "city_state": "Philadelphia, PA",
        "street_address": "490 North Broad Street",
        "deal_name": "Philadelphia, PA - 490 North Broad Street - Listing 26",
        "record_type": "Sale",
        "asking_price": "",
        "lease_rate": "",
        "listing_effective_date": "7/9/2026",
        "listing_expiration_date": "1/8/2027",
        "square_footage": "28262",
        "acreage": "0.46",
        "lease_square_footage": ""
      },
      "geometry": {
        "type": "Point",
        "coordinates": [
          -75.16232,
          39.962372
        ]
      }
    },
    {
      "type": "Feature",
      "properties": {
        "Owner": "Sean Stitz",
        "Property": "Pottstown, PA - 19 Lemon Street - Listing 26",
        "Deal: Deal Name": "Pottstown, PA - 19 Lemon Street - Listing 26",
        "Deal: Record Type": "Sale",
        "Asking Price": "",
        "Lease Rate": "",
        "Listing Effective Date": "1/23/2026",
        "Listing Expiration Date": "7/22/2026",
        "Square Footage": "6000",
        "Acreage": "0.45",
        "Lease Square Footage": "",
        "broker_name": "Sean Stitz",
        "broker_email": "sstitz@binswanger.com",
        "address": "19 Lemon Street, Pottstown, PA",
        "city_state": "Pottstown, PA",
        "street_address": "19 Lemon Street",
        "deal_name": "Pottstown, PA - 19 Lemon Street - Listing 26",
        "record_type": "Sale",
        "asking_price": "",
        "lease_rate": "",
        "listing_effective_date": "1/23/2026",
        "listing_expiration_date": "7/22/2026",
        "square_footage": "6000",
        "acreage": "0.45",
        "lease_square_footage": ""
      },
      "geometry": {
        "type": "Point",
        "coordinates": [
          -75.682404,
          40.248522
        ]
      }
    },
    {
      "type": "Feature",
      "properties": {
        "Owner": "Chris Pennington",
        "Property": "Philadelphia, PA - 212 West Diamond Street & 2052 North Philip St - Listing 26",
        "Deal: Deal Name": "Philadelphia, PA - 212 West Diamond Street & 2052 North Philip St - Listing 26",
        "Deal: Record Type": "Sale",
        "Asking Price": "2500000",
        "Lease Rate": "",
        "Listing Effective Date": "5/26/2026",
        "Listing Expiration Date": "5/25/2027",
        "Square Footage": "",
        "Acreage": "0.44",
        "Lease Square Footage": "",
        "broker_name": "Chris Pennington",
        "broker_email": "Cpennington@binswanger.com",
        "address": "212 West Diamond Street & 2052 North Philip St, Philadelphia, PA",
        "city_state": "Philadelphia, PA",
        "street_address": "212 West Diamond Street & 2052 North Philip St",
        "deal_name": "Philadelphia, PA - 212 West Diamond Street & 2052 North Philip St - Listing 26",
        "record_type": "Sale",
        "asking_price": "2500000",
        "lease_rate": "",
        "listing_effective_date": "5/26/2026",
        "listing_expiration_date": "5/25/2027",
        "square_footage": "",
        "acreage": "0.44",
        "lease_square_footage": ""
      },
      "geometry": {
        "type": "Point",
        "coordinates": [
          -75.33019,
          40.30876
        ]
      }
    },
    {
      "type": "Feature",
      "properties": {
        "Owner": "Zach Binswanger",
        "Property": "Manitowoc, WI - Dewey Street and 26th South Street - Listing 26",
        "Deal: Deal Name": "Manitowoc, WI - Dewey Street and 26th South Street - Listing 26",
        "Deal: Record Type": "Sale",
        "Asking Price": "",
        "Lease Rate": "",
        "Listing Effective Date": "11/21/2025",
        "Listing Expiration Date": "11/20/2026",
        "Square Footage": "",
        "Acreage": "0.43",
        "Lease Square Footage": "",
        "broker_name": "Zach Binswanger",
        "broker_email": "zbinswanger@binswanger.com",
        "address": "Dewey Street and 26th South Street, Manitowoc, WI",
        "city_state": "Manitowoc, WI",
        "street_address": "Dewey Street and 26th South Street",
        "deal_name": "Manitowoc, WI - Dewey Street and 26th South Street - Listing 26",
        "record_type": "Sale",
        "asking_price": "",
        "lease_rate": "",
        "listing_effective_date": "11/21/2025",
        "listing_expiration_date": "11/20/2026",
        "square_footage": "",
        "acreage": "0.43",
        "lease_square_footage": ""
      },
      "geometry": {
        "type": "Point",
        "coordinates": [
          -87.680521,
          44.073746
        ]
      }
    },
    {
      "type": "Feature",
      "properties": {
        "Owner": "Jason Ostach",
        "Property": "Philadelphia, PA - 3632 South 3rd Street - Listing 26",
        "Deal: Deal Name": "Philadelphia, PA - 3632 South 3rd Street - Listing 26",
        "Deal: Record Type": "Lease",
        "Asking Price": "",
        "Lease Rate": "",
        "Listing Effective Date": "4/28/2026",
        "Listing Expiration Date": "4/27/2027",
        "Square Footage": "8295",
        "Acreage": "0.39",
        "Lease Square Footage": "",
        "broker_name": "Jason Ostach",
        "broker_email": "jostach@binswanger.com",
        "address": "3632 South 3rd Street, Philadelphia, PA",
        "city_state": "Philadelphia, PA",
        "street_address": "3632 South 3rd Street",
        "deal_name": "Philadelphia, PA - 3632 South 3rd Street - Listing 26",
        "record_type": "Lease",
        "asking_price": "",
        "lease_rate": "",
        "listing_effective_date": "4/28/2026",
        "listing_expiration_date": "4/27/2027",
        "square_footage": "8295",
        "acreage": "0.39",
        "lease_square_footage": ""
      },
      "geometry": {
        "type": "Point",
        "coordinates": [
          -75.155408,
          39.901603
        ]
      }
    },
    {
      "type": "Feature",
      "properties": {
        "Owner": "Chris Pennington",
        "Property": "Philadelphia, PA - 513 North 15th Street- Listing 26",
        "Deal: Deal Name": "Philadelphia, PA - 513 North 15th Street- Listing 26",
        "Deal: Record Type": "Sale",
        "Asking Price": "",
        "Lease Rate": "",
        "Listing Effective Date": "3/19/2026",
        "Listing Expiration Date": "7/18/2026",
        "Square Footage": "",
        "Acreage": "0.39",
        "Lease Square Footage": "",
        "broker_name": "Chris Pennington",
        "broker_email": "Cpennington@binswanger.com",
        "address": "513 North 15th Street- Listing 26, Philadelphia, PA",
        "city_state": "Philadelphia, PA",
        "street_address": "513 North 15th Street- Listing 26",
        "deal_name": "Philadelphia, PA - 513 North 15th Street- Listing 26",
        "record_type": "Sale",
        "asking_price": "",
        "lease_rate": "",
        "listing_effective_date": "3/19/2026",
        "listing_expiration_date": "7/18/2026",
        "square_footage": "",
        "acreage": "0.39",
        "lease_square_footage": ""
      },
      "geometry": {
        "type": "Point",
        "coordinates": [
          -75.16291,
          39.9621
        ]
      }
    },
    {
      "type": "Feature",
      "properties": {
        "Owner": "Nicholas Maras",
        "Property": "Tinicum, PA - 0 Erickson Avenue - Listing 25",
        "Deal: Deal Name": "Tinicum, PA - 0 Erickson Avenue - Listing 25",
        "Deal: Record Type": "Sale",
        "Asking Price": "743400",
        "Lease Rate": "",
        "Listing Effective Date": "6/6/2025",
        "Listing Expiration Date": "1/28/2027",
        "Square Footage": "7434",
        "Acreage": "0.24",
        "Lease Square Footage": "",
        "broker_name": "Nicholas Maras",
        "broker_email": "NMaras@binswanger.com",
        "address": "0 Erickson Avenue, Tinicum, PA",
        "city_state": "Tinicum, PA",
        "street_address": "0 Erickson Avenue",
        "deal_name": "Tinicum, PA - 0 Erickson Avenue - Listing 25",
        "record_type": "Sale",
        "asking_price": "743400",
        "lease_rate": "",
        "listing_effective_date": "6/6/2025",
        "listing_expiration_date": "1/28/2027",
        "square_footage": "7434",
        "acreage": "0.24",
        "lease_square_footage": ""
      },
      "geometry": {
        "type": "Point",
        "coordinates": [
          -75.293945,
          39.863092
        ]
      }
    },
    {
      "type": "Feature",
      "properties": {
        "Owner": "Chris Pennington",
        "Property": "Philadelphia, PA - 4254-58 Ridge Avenue - Listing 26",
        "Deal: Deal Name": "Philadelphia, PA - 4254-58 Ridge Avenue - Listing 26",
        "Deal: Record Type": "Sale",
        "Asking Price": "",
        "Lease Rate": "",
        "Listing Effective Date": "3/28/2026",
        "Listing Expiration Date": "3/27/2027",
        "Square Footage": "4800",
        "Acreage": "0.24",
        "Lease Square Footage": "",
        "broker_name": "Chris Pennington",
        "broker_email": "Cpennington@binswanger.com",
        "address": "4254-58 Ridge Avenue, Philadelphia, PA",
        "city_state": "Philadelphia, PA",
        "street_address": "4254-58 Ridge Avenue",
        "deal_name": "Philadelphia, PA - 4254-58 Ridge Avenue - Listing 26",
        "record_type": "Sale",
        "asking_price": "",
        "lease_rate": "",
        "listing_effective_date": "3/28/2026",
        "listing_expiration_date": "3/27/2027",
        "square_footage": "4800",
        "acreage": "0.24",
        "lease_square_footage": ""
      },
      "geometry": {
        "type": "Point",
        "coordinates": [
          -75.19588,
          40.00944
        ]
      }
    },
    {
      "type": "Feature",
      "properties": {
        "Owner": "Nicholas Giganti",
        "Property": "Philadelphia, PA - 2131-35 North American Street - Listing 26",
        "Deal: Deal Name": "Philadelphia, PA - 2131-35 North American Street - Listing 26",
        "Deal: Record Type": "Sale",
        "Asking Price": "2999000",
        "Lease Rate": "",
        "Listing Effective Date": "7/7/2026",
        "Listing Expiration Date": "1/6/2027",
        "Square Footage": "16500",
        "Acreage": "0.19",
        "Lease Square Footage": "",
        "broker_name": "Nicholas Giganti",
        "broker_email": "ngiganti@binswanger.com",
        "address": "2131-35 North American Street, Philadelphia, PA",
        "city_state": "Philadelphia, PA",
        "street_address": "2131-35 North American Street",
        "deal_name": "Philadelphia, PA - 2131-35 North American Street - Listing 26",
        "record_type": "Sale",
        "asking_price": "2999000",
        "lease_rate": "",
        "listing_effective_date": "7/7/2026",
        "listing_expiration_date": "1/6/2027",
        "square_footage": "16500",
        "acreage": "0.19",
        "lease_square_footage": ""
      },
      "geometry": {
        "type": "Point",
        "coordinates": [
          -75.13749,
          39.98324
        ]
      }
    },
    {
      "type": "Feature",
      "properties": {
        "Owner": "Doug Kelly",
        "Property": "Horsham, PA - 255 Business Center Drive - Listing 26",
        "Deal: Deal Name": "Horsham, PA - 255 Business Center Drive - Listing 26",
        "Deal: Record Type": "Lease",
        "Asking Price": "",
        "Lease Rate": "",
        "Listing Effective Date": "8/18/2026",
        "Listing Expiration Date": "2/17/2027",
        "Square Footage": "40000",
        "Acreage": "0.06",
        "Lease Square Footage": "",
        "broker_name": "Doug Kelly",
        "broker_email": "dkelly@binswanger.com",
        "address": "255 Business Center Drive, Horsham, PA",
        "city_state": "Horsham, PA",
        "street_address": "255 Business Center Drive",
        "deal_name": "Horsham, PA - 255 Business Center Drive - Listing 26",
        "record_type": "Lease",
        "asking_price": "",
        "lease_rate": "",
        "listing_effective_date": "8/18/2026",
        "listing_expiration_date": "2/17/2027",
        "square_footage": "40000",
        "acreage": "0.06",
        "lease_square_footage": ""
      },
      "geometry": {
        "type": "Point",
        "coordinates": [
          -75.148785,
          40.167734
        ]
      }
    },
    {
      "type": "Feature",
      "properties": {
        "Owner": "Jason Ostach",
        "Property": "Philadelphia, PA - 825-29 Aramingo Avenue - Listing 26",
        "Deal: Deal Name": "Philadelphia, PA - 825-29 Aramingo Avenue - Listing 26",
        "Deal: Record Type": "Sale",
        "Asking Price": "675000",
        "Lease Rate": "",
        "Listing Effective Date": "2/12/2026",
        "Listing Expiration Date": "2/11/2027",
        "Square Footage": "1073",
        "Acreage": "0.04",
        "Lease Square Footage": "",
        "broker_name": "Jason Ostach",
        "broker_email": "jostach@binswanger.com",
        "address": "825-29 Aramingo Avenue, Philadelphia, PA",
        "city_state": "Philadelphia, PA",
        "street_address": "825-29 Aramingo Avenue",
        "deal_name": "Philadelphia, PA - 825-29 Aramingo Avenue - Listing 26",
        "record_type": "Sale",
        "asking_price": "675000",
        "lease_rate": "",
        "listing_effective_date": "2/12/2026",
        "listing_expiration_date": "2/11/2027",
        "square_footage": "1073",
        "acreage": "0.04",
        "lease_square_footage": ""
      },
      "geometry": {
        "type": "Point",
        "coordinates": [
          -75.12353,
          39.97331
        ]
      }
    },
    {
      "type": "Feature",
      "properties": {
        "Owner": "Nicholas Giganti",
        "Property": "Philadelphia, PA - 1209-11 Mifflin Street - Listing 26",
        "Deal: Deal Name": "Philadelphia, PA - 1209-11 Mifflin Street - Listing 26",
        "Deal: Record Type": "Sale",
        "Asking Price": "899000",
        "Lease Rate": "",
        "Listing Effective Date": "6/16/2026",
        "Listing Expiration Date": "12/15/2026",
        "Square Footage": "1410",
        "Acreage": "0.03",
        "Lease Square Footage": "",
        "broker_name": "Nicholas Giganti",
        "broker_email": "ngiganti@binswanger.com",
        "address": "1209-11 Mifflin Street, Philadelphia, PA",
        "city_state": "Philadelphia, PA",
        "street_address": "1209-11 Mifflin Street",
        "deal_name": "Philadelphia, PA - 1209-11 Mifflin Street - Listing 26",
        "record_type": "Sale",
        "asking_price": "899000",
        "lease_rate": "",
        "listing_effective_date": "6/16/2026",
        "listing_expiration_date": "12/15/2026",
        "square_footage": "1410",
        "acreage": "0.03",
        "lease_square_footage": ""
      },
      "geometry": {
        "type": "Point",
        "coordinates": [
          -75.16616,
          39.92656
        ]
      }
    },
    {
      "type": "Feature",
      "properties": {
        "Owner": "Nicholas Giganti",
        "Property": "Philadelphia, PA - 251 South 12th Street - Listing 26",
        "Deal: Deal Name": "Philadelphia, PA - 251 South 12th Street - Listing 26",
        "Deal: Record Type": "Sale",
        "Asking Price": "1500000",
        "Lease Rate": "",
        "Listing Effective Date": "7/31/2026",
        "Listing Expiration Date": "1/30/2027",
        "Square Footage": "2664",
        "Acreage": "0.03",
        "Lease Square Footage": "",
        "broker_name": "Nicholas Giganti",
        "broker_email": "ngiganti@binswanger.com",
        "address": "251 South 12th Street, Philadelphia, PA",
        "city_state": "Philadelphia, PA",
        "street_address": "251 South 12th Street",
        "deal_name": "Philadelphia, PA - 251 South 12th Street - Listing 26",
        "record_type": "Sale",
        "asking_price": "1500000",
        "lease_rate": "",
        "listing_effective_date": "7/31/2026",
        "listing_expiration_date": "1/30/2027",
        "square_footage": "2664",
        "acreage": "0.03",
        "lease_square_footage": ""
      },
      "geometry": {
        "type": "Point",
        "coordinates": [
          -75.160682,
          39.947138
        ]
      }
    },
    {
      "type": "Feature",
      "properties": {
        "Owner": "Ken Anthony",
        "Property": "Darien, GA - 1111 Magnolia Bluff Way - Listing 24",
        "Deal: Deal Name": "Darien, GA - 1111 Magnolia Bluff Way - Listing 24",
        "Deal: Record Type": "Sale",
        "Asking Price": "",
        "Lease Rate": "",
        "Listing Effective Date": "10/8/2024",
        "Listing Expiration Date": "3/9/2027",
        "Square Footage": "277237",
        "Acreage": "",
        "Lease Square Footage": "",
        "broker_name": "Ken Anthony",
        "broker_email": "kanthony@binswanger.com",
        "address": "1111 Magnolia Bluff Way, Darien, GA",
        "city_state": "Darien, GA",
        "street_address": "1111 Magnolia Bluff Way",
        "deal_name": "Darien, GA - 1111 Magnolia Bluff Way - Listing 24",
        "record_type": "Sale",
        "asking_price": "",
        "lease_rate": "",
        "listing_effective_date": "10/8/2024",
        "listing_expiration_date": "3/9/2027",
        "square_footage": "277237",
        "acreage": "",
        "lease_square_footage": ""
      },
      "geometry": {
        "type": "Point",
        "coordinates": [
          -81.452072,
          31.393165
        ]
      }
    },
    {
      "type": "Feature",
      "properties": {
        "Owner": "David Barber",
        "Property": "Opelika, AL - 1800 Crawford Road - Listing 22",
        "Deal: Deal Name": "Opelika, AL - 1800 Crawford Road - Listing 22",
        "Deal: Record Type": "Lease",
        "Asking Price": "",
        "Lease Rate": "",
        "Listing Effective Date": "12/20/2022",
        "Listing Expiration Date": "1/7/2027",
        "Square Footage": "1300000",
        "Acreage": "",
        "Lease Square Footage": "",
        "broker_name": "David Barber",
        "broker_email": "DBarber@binswanger.com",
        "address": "1800 Crawford Road, Opelika, AL",
        "city_state": "Opelika, AL",
        "street_address": "1800 Crawford Road",
        "deal_name": "Opelika, AL - 1800 Crawford Road - Listing 22",
        "record_type": "Lease",
        "asking_price": "",
        "lease_rate": "",
        "listing_effective_date": "12/20/2022",
        "listing_expiration_date": "1/7/2027",
        "square_footage": "1300000",
        "acreage": "",
        "lease_square_footage": ""
      },
      "geometry": {
        "type": "Point",
        "coordinates": [
          -85.339976,
          32.607565
        ]
      }
    },
    {
      "type": "Feature",
      "properties": {
        "Owner": "Zach Binswanger",
        "Property": "Frazeysburg, OH - 5685 Eco Parkway - Listing 24",
        "Deal: Deal Name": "Frazeysburg, OH - 5685 Eco Parkway - Listing 24",
        "Deal: Record Type": "Sale",
        "Asking Price": "44660000",
        "Lease Rate": "",
        "Listing Effective Date": "9/10/2024",
        "Listing Expiration Date": "10/31/2026",
        "Square Footage": "812000",
        "Acreage": "",
        "Lease Square Footage": "",
        "broker_name": "Zach Binswanger",
        "broker_email": "zbinswanger@binswanger.com",
        "address": "5685 Eco Parkway, Frazeysburg, OH",
        "city_state": "Frazeysburg, OH",
        "street_address": "5685 Eco Parkway",
        "deal_name": "Frazeysburg, OH - 5685 Eco Parkway - Listing 24",
        "record_type": "Sale",
        "asking_price": "44660000",
        "lease_rate": "",
        "listing_effective_date": "9/10/2024",
        "listing_expiration_date": "10/31/2026",
        "square_footage": "812000",
        "acreage": "",
        "lease_square_footage": ""
      },
      "geometry": {
        "type": "Point",
        "coordinates": [
          -82.083455,
          40.142497
        ]
      }
    },
    {
      "type": "Feature",
      "properties": {
        "Owner": "Bob Corr",
        "Property": "West Deptford, NJ - 1571 Imperial Way - Listing 26",
        "Deal: Deal Name": "West Deptford, NJ - 1571 Imperial Way - Listing 26",
        "Deal: Record Type": "Lease",
        "Asking Price": "",
        "Lease Rate": "",
        "Listing Effective Date": "9/1/2026",
        "Listing Expiration Date": "8/31/2027",
        "Square Footage": "54000",
        "Acreage": "",
        "Lease Square Footage": "",
        "broker_name": "Bob Corr",
        "address": "1571 Imperial Way, West Deptford, NJ",
        "city_state": "West Deptford, NJ",
        "street_address": "1571 Imperial Way",
        "deal_name": "West Deptford, NJ - 1571 Imperial Way - Listing 26",
        "record_type": "Lease",
        "asking_price": "",
        "lease_rate": "",
        "listing_effective_date": "9/1/2026",
        "listing_expiration_date": "8/31/2027",
        "square_footage": "54000",
        "acreage": "",
        "lease_square_footage": ""
      },
      "geometry": {
        "type": "Point",
        "coordinates": [
          -75.202151,
          39.830041
        ]
      }
    },
    {
      "type": "Feature",
      "properties": {
        "Owner": "Doug Faris",
        "Property": "Lenoir, NC - 840  SW Complex Street  - Listing 24",
        "Deal: Deal Name": "Lenoir, NC - 840  SW Complex Street  - Listing 24",
        "Deal: Record Type": "Sale",
        "Asking Price": "",
        "Lease Rate": "",
        "Listing Effective Date": "8/27/2024",
        "Listing Expiration Date": "9/2/2026",
        "Square Footage": "492000",
        "Acreage": "",
        "Lease Square Footage": "",
        "broker_name": "Doug Faris",
        "broker_email": "DFaris@binswanger.com",
        "address": "840  SW Complex Street, Lenoir, NC",
        "city_state": "Lenoir, NC",
        "street_address": "840  SW Complex Street",
        "deal_name": "Lenoir, NC - 840  SW Complex Street  - Listing 24",
        "record_type": "Sale",
        "asking_price": "",
        "lease_rate": "",
        "listing_effective_date": "8/27/2024",
        "listing_expiration_date": "9/2/2026",
        "square_footage": "492000",
        "acreage": "",
        "lease_square_footage": ""
      },
      "geometry": {
        "type": "Point",
        "coordinates": [
          -81.56978,
          35.88588
        ]
      }
    },
    {
      "type": "Feature",
      "properties": {
        "Owner": "Doug Faris",
        "Property": "Mocksville, NC - 212 Quality Drive - Listing 25",
        "Deal: Deal Name": "Mocksville, NC - 212 Quality Drive - Listing 25",
        "Deal: Record Type": "Sale",
        "Asking Price": "10895000",
        "Lease Rate": "",
        "Listing Effective Date": "7/29/2025",
        "Listing Expiration Date": "7/29/2026",
        "Square Footage": "108960",
        "Acreage": "",
        "Lease Square Footage": "",
        "broker_name": "Doug Faris",
        "broker_email": "DFaris@binswanger.com",
        "address": "212 Quality Drive, Mocksville, NC",
        "city_state": "Mocksville, NC",
        "street_address": "212 Quality Drive",
        "deal_name": "Mocksville, NC - 212 Quality Drive - Listing 25",
        "record_type": "Sale",
        "asking_price": "10895000",
        "lease_rate": "",
        "listing_effective_date": "7/29/2025",
        "listing_expiration_date": "7/29/2026",
        "square_footage": "108960",
        "acreage": "",
        "lease_square_footage": ""
      },
      "geometry": {
        "type": "Point",
        "coordinates": [
          -80.60514,
          35.935844
        ]
      }
    },
    {
      "type": "Feature",
      "properties": {
        "Owner": "Jason Kramer",
        "Property": "Philadelphia, PA - 100 North 18th Street - Listing 26",
        "Deal: Deal Name": "Philadelphia, PA - 100 North 18th Street - Listing 26",
        "Deal: Record Type": "Lease",
        "Asking Price": "",
        "Lease Rate": "",
        "Listing Effective Date": "7/14/2026",
        "Listing Expiration Date": "1/13/2027",
        "Square Footage": "7342",
        "Acreage": "",
        "Lease Square Footage": "",
        "broker_name": "Jason Kramer",
        "broker_email": "jkramer@binswanger.com",
        "address": "100 North 18th Street, Philadelphia, PA",
        "city_state": "Philadelphia, PA",
        "street_address": "100 North 18th Street",
        "deal_name": "Philadelphia, PA - 100 North 18th Street - Listing 26",
        "record_type": "Lease",
        "asking_price": "",
        "lease_rate": "",
        "listing_effective_date": "7/14/2026",
        "listing_expiration_date": "1/13/2027",
        "square_footage": "7342",
        "acreage": "",
        "lease_square_footage": ""
      },
      "geometry": {
        "type": "Point",
        "coordinates": [
          -75.169736,
          39.955705
        ]
      }
    },
    {
      "type": "Feature",
      "properties": {
        "Owner": "Chris Pennington",
        "Property": "Conshohocken, PA - 407 Alan Wood Road - Listing 23",
        "Deal: Deal Name": "Conshohocken, PA - 407 Alan Wood Road - Listing 23",
        "Deal: Record Type": "Lease",
        "Asking Price": "",
        "Lease Rate": "",
        "Listing Effective Date": "10/31/2023",
        "Listing Expiration Date": "9/2/2026",
        "Square Footage": "6796",
        "Acreage": "",
        "Lease Square Footage": "",
        "broker_name": "Chris Pennington",
        "broker_email": "Cpennington@binswanger.com",
        "address": "407 Alan Wood Road, Conshohocken, PA",
        "city_state": "Conshohocken, PA",
        "street_address": "407 Alan Wood Road",
        "deal_name": "Conshohocken, PA - 407 Alan Wood Road - Listing 23",
        "record_type": "Lease",
        "asking_price": "",
        "lease_rate": "",
        "listing_effective_date": "10/31/2023",
        "listing_expiration_date": "9/2/2026",
        "square_footage": "6796",
        "acreage": "",
        "lease_square_footage": ""
      },
      "geometry": {
        "type": "Point",
        "coordinates": [
          -75.31098,
          40.09353
        ]
      }
    },
    {
      "type": "Feature",
      "properties": {
        "Owner": "Chris Pennington",
        "Property": "Philadelphia, PA - 2500 League Island Blvd. - Listing 24",
        "Deal: Deal Name": "Philadelphia, PA - 2500 League Island Blvd. - Listing 24",
        "Deal: Record Type": "Lease",
        "Asking Price": "",
        "Lease Rate": "",
        "Listing Effective Date": "10/23/2024",
        "Listing Expiration Date": "10/21/2026",
        "Square Footage": "130000",
        "Acreage": "",
        "Lease Square Footage": "",
        "broker_name": "Chris Pennington",
        "broker_email": "Cpennington@binswanger.com",
        "address": "2500 League Island Blvd., Philadelphia, PA",
        "city_state": "Philadelphia, PA",
        "street_address": "2500 League Island Blvd.",
        "deal_name": "Philadelphia, PA - 2500 League Island Blvd. - Listing 24",
        "record_type": "Lease",
        "asking_price": "",
        "lease_rate": "",
        "listing_effective_date": "10/23/2024",
        "listing_expiration_date": "10/21/2026",
        "square_footage": "130000",
        "acreage": "",
        "lease_square_footage": ""
      },
      "geometry": {
        "type": "Point",
        "coordinates": [
          -75.188928,
          39.895171
        ]
      }
    },
    {
      "type": "Feature",
      "properties": {
        "Owner": "Chris Pennington",
        "Property": "Philadelphia, PA - 1300-1344 S Front Street - Listing 24",
        "Deal: Deal Name": "Philadelphia, PA - 1300-1344 S Front Street - Listing 24",
        "Deal: Record Type": "Sale",
        "Asking Price": "",
        "Lease Rate": "",
        "Listing Effective Date": "11/14/2024",
        "Listing Expiration Date": "11/13/2026",
        "Square Footage": "53584",
        "Acreage": "",
        "Lease Square Footage": "",
        "broker_name": "Chris Pennington",
        "broker_email": "Cpennington@binswanger.com",
        "address": "1300-1344 S Front Street, Philadelphia, PA",
        "city_state": "Philadelphia, PA",
        "street_address": "1300-1344 S Front Street",
        "deal_name": "Philadelphia, PA - 1300-1344 S Front Street - Listing 24",
        "record_type": "Sale",
        "asking_price": "",
        "lease_rate": "",
        "listing_effective_date": "11/14/2024",
        "listing_expiration_date": "11/13/2026",
        "square_footage": "53584",
        "acreage": "",
        "lease_square_footage": ""
      },
      "geometry": {
        "type": "Point",
        "coordinates": [
          -75.147441,
          39.925719
        ]
      }
    },
    {
      "type": "Feature",
      "properties": {
        "Owner": "Chris Pennington",
        "Property": "Feasterville-Trevose, PA - 1701 Loretta Avenue - Listing 26",
        "Deal: Deal Name": "Feasterville-Trevose, PA - 1701 Loretta Avenue - Listing 26",
        "Deal: Record Type": "Lease",
        "Asking Price": "",
        "Lease Rate": "",
        "Listing Effective Date": "9/10/2026",
        "Listing Expiration Date": "3/9/2027",
        "Square Footage": "7595",
        "Acreage": "",
        "Lease Square Footage": "",
        "broker_name": "Chris Pennington",
        "address": "1701 Loretta Avenue, Feasterville-Trevose, PA",
        "city_state": "Feasterville-Trevose, PA",
        "street_address": "1701 Loretta Avenue",
        "deal_name": "Feasterville-Trevose, PA - 1701 Loretta Avenue - Listing 26",
        "record_type": "Lease",
        "asking_price": "",
        "lease_rate": "",
        "listing_effective_date": "9/10/2026",
        "listing_expiration_date": "3/9/2027",
        "square_footage": "7595",
        "acreage": "",
        "lease_square_footage": ""
      },
      "geometry": {
        "type": "Point",
        "coordinates": [
          -75.004703,
          40.166059
        ]
      }
    },
    {
      "type": "Feature",
      "properties": {
        "Owner": "Carson Erard",
        "Property": "Salt Lake City, UT - 1195 North 6550 West - Listing 25",
        "Deal: Deal Name": "Salt Lake City, UT - 1195 North 6550 West - Listing 25",
        "Deal: Record Type": "Lease",
        "Asking Price": "",
        "Lease Rate": "",
        "Listing Effective Date": "8/19/2025",
        "Listing Expiration Date": "8/18/2026",
        "Square Footage": "150000",
        "Acreage": "",
        "Lease Square Footage": "",
        "broker_name": "Carson Erard",
        "broker_email": "cerard@binswanger.com",
        "address": "1195 North 6550 West, Salt Lake City, UT",
        "city_state": "Salt Lake City, UT",
        "street_address": "1195 North 6550 West",
        "deal_name": "Salt Lake City, UT - 1195 North 6550 West - Listing 25",
        "record_type": "Lease",
        "asking_price": "",
        "lease_rate": "",
        "listing_effective_date": "8/19/2025",
        "listing_expiration_date": "8/18/2026",
        "square_footage": "150000",
        "acreage": "",
        "lease_square_footage": ""
      },
      "geometry": {
        "type": "Point",
        "coordinates": [
          -112.050837,
          40.79447
        ]
      }
    },
    {
      "type": "Feature",
      "properties": {
        "Owner": "Carson Erard",
        "Property": "Shawnee, OK - 41501 Wolverine Road - Listing 26",
        "Deal: Deal Name": "Shawnee, OK - 41501 Wolverine Road - Listing 26",
        "Deal: Record Type": "Sale",
        "Asking Price": "",
        "Lease Rate": "",
        "Listing Effective Date": "7/22/2026",
        "Listing Expiration Date": "1/22/2027",
        "Square Footage": "512728",
        "Acreage": "",
        "Lease Square Footage": "",
        "broker_name": "Carson Erard",
        "broker_email": "cerard@binswanger.com",
        "address": "41501 Wolverine Road, Shawnee, OK",
        "city_state": "Shawnee, OK",
        "street_address": "41501 Wolverine Road",
        "deal_name": "Shawnee, OK - 41501 Wolverine Road - Listing 26",
        "record_type": "Sale",
        "asking_price": "",
        "lease_rate": "",
        "listing_effective_date": "7/22/2026",
        "listing_expiration_date": "1/22/2027",
        "square_footage": "512728",
        "acreage": "",
        "lease_square_footage": ""
      },
      "geometry": {
        "type": "Point",
        "coordinates": [
          -96.91867,
          35.417808
        ]
      }
    },
    {
      "type": "Feature",
      "properties": {
        "Owner": "Matt Corrigan",
        "Property": "Fairless Hills, PA - 250 Canal Road -  Listing 25",
        "Deal: Deal Name": "Fairless Hills, PA - 250 Canal Road -  Listing 25",
        "Deal: Record Type": "Lease",
        "Asking Price": "",
        "Lease Rate": "",
        "Listing Effective Date": "3/14/2025",
        "Listing Expiration Date": "3/13/2027",
        "Square Footage": "88000",
        "Acreage": "",
        "Lease Square Footage": "",
        "broker_name": "Matt Corrigan",
        "broker_email": "MCorrigan@binswanger.com",
        "address": "250 Canal Road, Fairless Hills, PA",
        "city_state": "Fairless Hills, PA",
        "street_address": "250 Canal Road",
        "deal_name": "Fairless Hills, PA - 250 Canal Road -  Listing 25",
        "record_type": "Lease",
        "asking_price": "",
        "lease_rate": "",
        "listing_effective_date": "3/14/2025",
        "listing_expiration_date": "3/13/2027",
        "square_footage": "88000",
        "acreage": "",
        "lease_square_footage": ""
      },
      "geometry": {
        "type": "Point",
        "coordinates": [
          -74.785945,
          40.191136
        ]
      }
    },
    {
      "type": "Feature",
      "properties": {
        "Owner": "John Harris",
        "Property": "Stamford, CT - 62 Southfield Avenue - Listing 26",
        "Deal: Deal Name": "Stamford, CT - 62 Southfield Avenue - Listing 26",
        "Deal: Record Type": "Lease",
        "Asking Price": "",
        "Lease Rate": "",
        "Listing Effective Date": "6/5/2026",
        "Listing Expiration Date": "6/4/2027",
        "Square Footage": "66314",
        "Acreage": "",
        "Lease Square Footage": "",
        "broker_name": "John Harris",
        "broker_email": "jharris@binswanger.com",
        "address": "62 Southfield Avenue, Stamford, CT",
        "city_state": "Stamford, CT",
        "street_address": "62 Southfield Avenue",
        "deal_name": "Stamford, CT - 62 Southfield Avenue - Listing 26",
        "record_type": "Lease",
        "asking_price": "",
        "lease_rate": "",
        "listing_effective_date": "6/5/2026",
        "listing_expiration_date": "6/4/2027",
        "square_footage": "66314",
        "acreage": "",
        "lease_square_footage": ""
      },
      "geometry": {
        "type": "Point",
        "coordinates": [
          -73.54604,
          41.03814
        ]
      }
    },
    {
      "type": "Feature",
      "properties": {
        "Owner": "Nick Biedron",
        "Property": "Dorado, PR - 100 PR-698 - Listing 24",
        "Deal: Deal Name": "Dorado, PR - 100 PR-698 - Listing 24",
        "Deal: Record Type": "Sale",
        "Asking Price": "",
        "Lease Rate": "",
        "Listing Effective Date": "1/3/2025",
        "Listing Expiration Date": "1/5/2027",
        "Square Footage": "145000",
        "Acreage": "",
        "Lease Square Footage": "",
        "broker_name": "Nick Biedron",
        "broker_email": "nbiedron@binswanger.com",
        "address": "100 PR-698, Dorado, PR",
        "city_state": "Dorado, PR",
        "street_address": "100 PR-698",
        "deal_name": "Dorado, PR - 100 PR-698 - Listing 24",
        "record_type": "Sale",
        "asking_price": "",
        "lease_rate": "",
        "listing_effective_date": "1/3/2025",
        "listing_expiration_date": "1/5/2027",
        "square_footage": "145000",
        "acreage": "",
        "lease_square_footage": ""
      },
      "geometry": {
        "type": "Point",
        "coordinates": [
          -66.266522,
          18.473576
        ]
      }
    },
    {
      "type": "Feature",
      "properties": {
        "Owner": "Nicholas Giganti",
        "Property": "Philadelphia, PA - 11 North 2nd Street - Units 101, 105 & 106 - Listing 26",
        "Deal: Deal Name": "Philadelphia, PA - 11 North 2nd Street - Units 101, 105 & 106 - Listing 26",
        "Deal: Record Type": "Sale",
        "Asking Price": "",
        "Lease Rate": "",
        "Listing Effective Date": "7/23/2026",
        "Listing Expiration Date": "7/22/2027",
        "Square Footage": "3116",
        "Acreage": "",
        "Lease Square Footage": "",
        "broker_name": "Nicholas Giganti",
        "broker_email": "ngiganti@binswanger.com",
        "address": "11 North 2nd Street, Philadelphia, PA",
        "city_state": "Philadelphia, PA",
        "street_address": "11 North 2nd Street",
        "deal_name": "Philadelphia, PA - 11 North 2nd Street - Units 101, 105 & 106 - Listing 26",
        "record_type": "Sale",
        "asking_price": "",
        "lease_rate": "",
        "listing_effective_date": "7/23/2026",
        "listing_expiration_date": "7/22/2027",
        "square_footage": "3116",
        "acreage": "",
        "lease_square_footage": ""
      },
      "geometry": {
        "type": "Point",
        "coordinates": [
          -75.143376,
          39.950364
        ]
      }
    },
    {
      "type": "Feature",
      "properties": {
        "Owner": "Matthew Fennelly",
        "Property": "Trenton, NJ - 1659-1700 Calhoun Street - Listing 26",
        "Deal: Deal Name": "Trenton, NJ - 1659-1700 Calhoun Street - Listing 26",
        "Deal: Record Type": "Sale",
        "Asking Price": "8500000",
        "Lease Rate": "",
        "Listing Effective Date": "5/22/2026",
        "Listing Expiration Date": "5/21/2027",
        "Square Footage": "",
        "Acreage": "",
        "Lease Square Footage": "",
        "broker_name": "Matthew Fennelly",
        "broker_email": "MFennelly@binswanger.com",
        "address": "1659-1700 Calhoun Street, Trenton, NJ",
        "city_state": "Trenton, NJ",
        "street_address": "1659-1700 Calhoun Street",
        "deal_name": "Trenton, NJ - 1659-1700 Calhoun Street - Listing 26",
        "record_type": "Sale",
        "asking_price": "8500000",
        "lease_rate": "",
        "listing_effective_date": "5/22/2026",
        "listing_expiration_date": "5/21/2027",
        "square_footage": "",
        "acreage": "",
        "lease_square_footage": ""
      },
      "geometry": {
        "type": "Point",
        "coordinates": [
          -74.766782,
          40.230825
        ]
      }
    }
  ]
}
